IDpol,ClaimNb,Exposure,VehPower,VehAge,DrivAge,BonusMalus,VehBrand,VehGas,Area,Density,Region,ClaimAmount_total,ClaimAmount_mean,ClaimCount_sev,ClaimInd,ClaimRate
3004792,0,0.45,9,3,45,50,B12,Regular,D,583,Provence-Alpes-Cotes-D'Azur,0.0,0.0,0,0,0.0
1118075,0,0.75,7,4,38,50,B13,Diesel,C,473,Bretagne,0.0,0.0,0,0,0.0
4117118,0,0.17,9,18,56,50,B13,Regular,C,295,Pays-de-la-Loire,0.0,0.0,0,0,0.0
4147505,0,0.45,7,6,41,63,B2,Regular,D,713,Pays-de-la-Loire,0.0,0.0,0,0,0.0
1163812,0,1.0,7,1,53,50,B2,Diesel,B,84,Centre,0.0,0.0,0,0,0.0
2224165,0,0.08,6,0,66,50,B12,Regular,E,3963,Languedoc-Roussillon,0.0,0.0,0,0,0.0
6975,1,0.4,5,0,30,95,B12,Regular,C,161,Midi-Pyrenees,0.0,0.0,0,1,2.5
87706,0,1.0,6,23,84,50,B2,Regular,D,1982,Poitou-Charentes,0.0,0.0,0,0,0.0
1181076,0,0.16,7,2,51,59,B5,Regular,C,269,Languedoc-Roussillon,0.0,0.0,0,0,0.0
1020522,0,1.0,7,12,65,50,B1,Regular,C,251,Centre,0.0,0.0,0,0,0.0
3212654,0,0.01,13,13,29,72,B11,Regular,A,15,Centre,0.0,0.0,0,0,0.0
6007413,0,0.74,7,3,41,50,B12,Diesel,C,420,Picardie,0.0,0.0,0,0,0.0
5061880,0,0.32,6,1,24,112,B12,Regular,C,196,Aquitaine,0.0,0.0,0,0,0.0
2137070,0,0.22,6,5,33,76,B13,Diesel,D,747,Bretagne,0.0,0.0,0,0,0.0
2126287,0,0.06,5,9,22,85,B1,Regular,C,283,Basse-Normandie,0.0,0.0,0,0,0.0
2221775,0,0.25,4,2,44,50,B3,Diesel,C,221,Languedoc-Roussillon,0.0,0.0,0,0,0.0
4007391,0,0.03,9,1,60,50,B12,Regular,C,269,Languedoc-Roussillon,0.0,0.0,0,0,0.0
1023815,0,0.57,7,3,44,50,B6,Regular,D,1943,Centre,0.0,0.0,0,0,0.0
2220600,0,0.41,6,5,48,56,B2,Diesel,C,159,Languedoc-Roussillon,0.0,0.0,0,0,0.0
1110021,0,1.0,5,8,29,54,B5,Diesel,C,173,Rhone-Alpes,0.0,0.0,0,0,0.0
2168788,0,0.23,7,15,51,50,B12,Diesel,B,92,Languedoc-Roussillon,0.0,0.0,0,0,0.0
2281461,0,0.5,10,16,52,50,B5,Diesel,E,3963,Languedoc-Roussillon,0.0,0.0,0,0,0.0
4158227,0,1.0,4,18,38,76,B1,Regular,D,1054,Centre,0.0,0.0,0,0,0.0
4176413,0,0.24,7,5,57,50,B1,Regular,B,88,Centre,0.0,0.0,0,0,0.0
5109647,0,0.02,11,0,76,50,B12,Diesel,A,50,Bourgogne,0.0,0.0,0,0,0.0
1125184,0,0.04,4,15,18,95,B1,Regular,B,76,Centre,0.0,0.0,0,0,0.0
4174076,0,1.0,9,1,71,50,B1,Diesel,C,298,Centre,0.0,0.0,0,0,0.0
3040238,0,0.04,12,1,50,90,B12,Regular,D,1457,Pays-de-la-Loire,0.0,0.0,0,0,0.0
2051023,0,1.0,5,10,64,50,B2,Regular,C,473,Bretagne,0.0,0.0,0,0,0.0
3170230,0,0.42,4,4,47,50,B3,Regular,C,398,Rhone-Alpes,0.0,0.0,0,0,0.0
4118039,0,1.0,5,6,53,50,B1,Diesel,A,28,Centre,0.0,0.0,0,0,0.0
3131537,0,1.0,6,8,45,50,B1,Diesel,C,132,Centre,0.0,0.0,0,0,0.0
114964,0,0.19,7,15,28,54,B1,Regular,C,105,Centre,0.0,0.0,0,0,0.0
6010256,0,0.46,8,2,59,50,B12,Regular,B,68,Pays-de-la-Loire,0.0,0.0,0,0,0.0
1030271,0,1.0,4,13,37,60,B2,Regular,A,31,Bretagne,0.0,0.0,0,0,0.0
2271527,0,0.83,4,1,60,50,B1,Diesel,A,10,Languedoc-Roussillon,0.0,0.0,0,0,0.0
74265,0,0.67,8,4,24,100,B2,Regular,A,40,Centre,0.0,0.0,0,0,0.0
4037545,0,0.17,5,5,25,85,B4,Diesel,A,44,Pays-de-la-Loire,0.0,0.0,0,0,0.0
152197,0,1.0,4,8,54,58,B2,Diesel,B,84,Pays-de-la-Loire,0.0,0.0,0,0,0.0
1154158,0,1.0,6,8,53,50,B13,Regular,E,4128,Pays-de-la-Loire,0.0,0.0,0,0,0.0
5090611,0,0.1,4,0,29,106,B12,Regular,E,3973,Ile-de-France,0.0,0.0,0,0,0.0
3135215,0,0.07,5,0,55,50,B2,Regular,E,3859,Rhone-Alpes,0.0,0.0,0,0,0.0
4051799,0,0.65,8,0,47,50,B12,Diesel,C,159,Provence-Alpes-Cotes-D'Azur,0.0,0.0,0,0,0.0
3027173,0,0.36,6,3,29,68,B12,Regular,A,25,Bourgogne,0.0,0.0,0,0,0.0
3047123,0,1.0,7,8,67,50,B2,Regular,A,48,Centre,0.0,0.0,0,0,0.0
159792,0,1.0,7,8,33,50,B2,Regular,C,473,Bretagne,0.0,0.0,0,0,0.0
2215486,0,0.49,5,3,31,54,B3,Diesel,C,184,Rhone-Alpes,0.0,0.0,0,0,0.0
4169681,0,1.0,14,4,37,74,B3,Regular,E,8549,Rhone-Alpes,0.0,0.0,0,0,0.0
6107320,0,0.66,4,1,34,72,B12,Regular,E,3301,Midi-Pyrenees,0.0,0.0,0,0,0.0
5083565,0,0.71,6,10,38,54,B12,Diesel,A,28,Provence-Alpes-Cotes-D'Azur,0.0,0.0,0,0,0.0
4127377,0,1.0,5,5,56,50,B1,Diesel,C,280,Centre,0.0,0.0,0,0,0.0
1139411,0,1.0,9,3,69,50,B12,Regular,A,8,Centre,0.0,0.0,0,0,0.0
17291,1,1.0,6,2,63,50,B2,Regular,A,13,Centre,0.0,0.0,0,1,1.0
3033371,0,0.22,7,0,29,72,B12,Diesel,E,3490,Nord-Pas-de-Calais,0.0,0.0,0,0,0.0
3051287,0,1.0,7,4,35,50,B3,Diesel,A,47,Centre,0.0,0.0,0,0,0.0
2190643,0,0.67,5,7,30,51,B1,Regular,E,2575,Pays-de-la-Loire,0.0,0.0,0,0,0.0
2053431,0,0.39,8,7,41,50,B2,Diesel,C,295,Pays-de-la-Loire,0.0,0.0,0,0,0.0
3242733,0,0.07,7,12,36,64,B2,Regular,C,299,Champagne-Ardenne,0.0,0.0,0,0,0.0
3248840,0,0.08,5,4,38,60,B1,Diesel,F,15725,Ile-de-France,0.0,0.0,0,0,0.0
2087688,0,0.02,6,3,48,50,B3,Diesel,B,82,Nord-Pas-de-Calais,0.0,0.0,0,0,0.0
6066344,0,0.57,6,3,52,50,B12,Diesel,C,111,Languedoc-Roussillon,0.0,0.0,0,0,0.0
6048619,0,0.15,5,6,65,50,B12,Regular,D,1624,Midi-Pyrenees,0.0,0.0,0,0,0.0
4132857,0,1.0,9,16,73,50,B10,Regular,D,1541,Languedoc-Roussillon,0.0,0.0,0,0,0.0
3048427,0,1.0,5,11,71,55,B2,Regular,A,12,Centre,0.0,0.0,0,0,0.0
2182829,0,1.0,5,9,78,50,B1,Regular,A,13,Centre,0.0,0.0,0,0,0.0
5027702,0,0.08,5,0,47,57,B12,Diesel,E,3055,Ile-de-France,0.0,0.0,0,0,0.0
6100623,1,0.54,8,1,41,100,B12,Diesel,D,1229,Provence-Alpes-Cotes-D'Azur,812.73,812.73,1,1,1.8518518518518516
4081772,0,0.2,5,1,42,50,B4,Diesel,E,4762,Provence-Alpes-Cotes-D'Azur,0.0,0.0,0,0,0.0
4183584,0,0.44,6,13,30,51,B1,Diesel,A,44,Centre,0.0,0.0,0,0,0.0
2094204,0,0.15,6,9,45,50,B1,Diesel,D,1719,Rhone-Alpes,0.0,0.0,0,0,0.0
2215786,0,0.49,10,7,72,50,B1,Regular,C,158,Midi-Pyrenees,0.0,0.0,0,0,0.0
141332,0,0.5,7,0,33,72,B6,Regular,E,3541,Pays-de-la-Loire,0.0,0.0,0,0,0.0
2189514,0,1.0,6,3,40,60,B1,Regular,C,272,Poitou-Charentes,0.0,0.0,0,0,0.0
5026693,0,0.07,7,0,50,50,B12,Regular,B,57,Provence-Alpes-Cotes-D'Azur,0.0,0.0,0,0,0.0
2035859,0,0.13,4,2,36,100,B12,Regular,F,27000,Ile-de-France,0.0,0.0,0,0,0.0
4000149,0,0.03,7,4,36,53,B12,Diesel,D,1807,Ile-de-France,0.0,0.0,0,0,0.0
6033564,0,0.2,6,6,46,72,B12,Regular,E,3132,Ile-de-France,0.0,0.0,0,0,0.0
4170925,0,0.86,6,8,42,50,B2,Diesel,C,106,Centre,0.0,0.0,0,0,0.0
2188003,0,1.0,8,12,54,50,B6,Regular,D,558,Nord-Pas-de-Calais,0.0,0.0,0,0,0.0
2194833,0,0.09,6,14,40,60,B1,Regular,F,27000,Ile-de-France,0.0,0.0,0,0,0.0
4114596,0,0.2,5,3,53,50,B2,Diesel,A,13,Centre,0.0,0.0,0,0,0.0
2092311,0,0.53,4,12,28,76,B1,Regular,A,11,Centre,0.0,0.0,0,0,0.0
1169358,0,1.0,6,5,31,63,B5,Diesel,B,83,Basse-Normandie,0.0,0.0,0,0,0.0
4169060,0,1.0,5,1,69,50,B1,Regular,D,1110,Rhone-Alpes,0.0,0.0,0,0,0.0
4065615,0,0.02,7,0,62,50,B12,Diesel,D,1543,Languedoc-Roussillon,0.0,0.0,0,0,0.0
4047298,0,0.59,6,15,38,59,B1,Diesel,C,405,Centre,0.0,0.0,0,0,0.0
3250695,0,0.08,8,2,63,50,B2,Diesel,D,813,Aquitaine,0.0,0.0,0,0,0.0
2194125,0,1.0,7,12,35,50,B2,Diesel,D,722,Bretagne,0.0,0.0,0,0,0.0
4149427,0,1.0,4,3,79,50,B1,Regular,D,600,Rhone-Alpes,0.0,0.0,0,0,0.0
3252616,0,0.08,4,12,32,68,B1,Regular,E,3301,Midi-Pyrenees,0.0,0.0,0,0,0.0
1051421,0,0.41,9,13,42,71,B1,Regular,D,1443,Ile-de-France,0.0,0.0,0,0,0.0
1191168,0,0.42,4,15,28,52,B4,Regular,A,10,Provence-Alpes-Cotes-D'Azur,0.0,0.0,0,0,0.0
5025516,0,0.2,8,3,44,67,B12,Regular,C,165,Auvergne,0.0,0.0,0,0,0.0
3238806,0,0.08,7,4,45,63,B6,Diesel,B,93,Languedoc-Roussillon,0.0,0.0,0,0,0.0
4076846,0,0.87,8,2,41,50,B12,Diesel,B,93,Languedoc-Roussillon,0.0,0.0,0,0,0.0
2083002,0,0.5,11,6,39,50,B1,Regular,A,19,Rhone-Alpes,0.0,0.0,0,0,0.0
3148388,0,0.8,6,15,28,58,B1,Diesel,D,1629,Provence-Alpes-Cotes-D'Azur,0.0,0.0,0,0,0.0
2289254,0,0.08,7,17,45,50,B3,Regular,B,67,Aquitaine,0.0,0.0,0,0,0.0
4115422,0,1.0,6,14,71,50,B2,Regular,C,151,Centre,0.0,0.0,0,0,0.0
3031848,0,0.25,8,0,32,57,B12,Diesel,C,405,Bourgogne,0.0,0.0,0,0,0.0
6081663,0,0.12,6,3,48,50,B12,Diesel,E,5202,Ile-de-France,0.0,0.0,0,0,0.0
4142210,0,0.5,15,0,35,72,B11,Regular,E,8549,Rhone-Alpes,0.0,0.0,0,0,0.0
5095169,0,0.58,8,2,52,50,B12,Diesel,C,247,Provence-Alpes-Cotes-D'Azur,0.0,0.0,0,0,0.0
4171684,0,1.0,6,8,49,50,B2,Regular,C,137,Centre,0.0,0.0,0,0,0.0
2106922,0,1.0,4,18,24,80,B1,Regular,C,222,Centre,0.0,0.0,0,0,0.0
6046481,0,0.08,5,2,46,50,B12,Regular,D,674,Provence-Alpes-Cotes-D'Azur,0.0,0.0,0,0,0.0
1024133,0,0.18,9,16,50,59,B5,Regular,B,70,Bretagne,0.0,0.0,0,0,0.0
2091128,0,0.008219178,7,1,45,50,B10,Regular,E,4348,Aquitaine,0.0,0.0,0,0,0.0
4009824,0,0.03,7,10,52,50,B1,Regular,E,3651,Nord-Pas-de-Calais,0.0,0.0,0,0,0.0
1095960,0,0.12,6,16,30,85,B2,Diesel,C,105,Centre,0.0,0.0,0,0,0.0
5029901,0,0.41,10,10,66,50,B12,Regular,D,713,Pays-de-la-Loire,0.0,0.0,0,0,0.0
3203218,0,1.0,5,6,66,50,B5,Diesel,D,1005,Provence-Alpes-Cotes-D'Azur,0.0,0.0,0,0,0.0
4144358,1,0.79,6,10,50,90,B3,Regular,D,1313,Centre,1204.0,1204.0,1,1,1.2658227848101264
2004478,0,0.54,5,2,61,67,B12,Regular,C,197,Provence-Alpes-Cotes-D'Azur,0.0,0.0,0,0,0.0
3131563,0,0.27,6,13,80,50,B1,Diesel,A,44,Centre,0.0,0.0,0,0,0.0
3145898,0,1.0,7,8,50,50,B1,Regular,C,214,Bourgogne,0.0,0.0,0,0,0.0
163813,0,1.0,10,9,55,50,B2,Diesel,C,222,Centre,0.0,0.0,0,0,0.0
4167631,0,0.93,9,20,24,95,B2,Regular,D,1753,Rhone-Alpes,0.0,0.0,0,0,0.0
3137615,0,0.29,4,16,28,64,B2,Regular,E,8549,Rhone-Alpes,0.0,0.0,0,0,0.0
2097260,0,0.25,7,15,53,85,B11,Diesel,D,567,Nord-Pas-de-Calais,0.0,0.0,0,0,0.0
5001872,0,0.8,9,5,41,50,B12,Regular,B,76,Poitou-Charentes,0.0,0.0,0,0,0.0
10161,1,0.12,4,0,38,72,B12,Regular,E,4496,Ile-de-France,0.0,0.0,0,1,8.333333333333334
4186830,0,0.23,6,13,42,50,B2,Diesel,B,69,Rhone-Alpes,0.0,0.0,0,0,0.0
2098770,0,0.91,11,3,44,50,B10,Diesel,C,135,Nord-Pas-de-Calais,0.0,0.0,0,0,0.0
1007056,0,0.53,5,1,44,50,B12,Regular,D,648,Champagne-Ardenne,0.0,0.0,0,0,0.0
3170196,0,0.28,10,5,42,50,B3,Diesel,E,8455,Rhone-Alpes,0.0,0.0,0,0,0.0
138138,0,1.0,5,12,39,50,B1,Regular,C,358,Centre,0.0,0.0,0,0,0.0
2001327,0,0.12,7,2,47,50,B12,Diesel,D,1472,Nord-Pas-de-Calais,0.0,0.0,0,0,0.0
2122716,0,0.16,7,13,25,95,B11,Regular,D,1408,Pays-de-la-Loire,0.0,0.0,0,0,0.0
2159559,0,0.49,7,2,60,50,B2,Regular,D,721,Provence-Alpes-Cotes-D'Azur,0.0,0.0,0,0,0.0
68558,0,0.08,4,7,29,106,B2,Regular,B,63,Picardie,0.0,0.0,0,0,0.0
3165307,0,0.88,9,13,27,85,B1,Regular,E,3744,Provence-Alpes-Cotes-D'Azur,0.0,0.0,0,0,0.0
3172919,0,0.73,11,14,29,66,B3,Regular,A,29,Centre,0.0,0.0,0,0,0.0
2260851,0,1.0,4,16,65,50,B1,Regular,C,283,Aquitaine,0.0,0.0,0,0,0.0
1090824,1,1.0,10,1,50,50,B10,Diesel,C,229,Basse-Normandie,1596.75,1596.75,1,1,1.0
100683,0,0.32,7,7,44,50,B2,Diesel,D,617,Bretagne,0.0,0.0,0,0,0.0
2071517,0,0.05,7,4,45,90,B1,Diesel,F,15725,Ile-de-France,0.0,0.0,0,0,0.0
2039043,0,0.15,7,0,64,50,B12,Diesel,D,1457,Pays-de-la-Loire,0.0,0.0,0,0,0.0
89280,0,0.04,6,9,24,100,B1,Diesel,B,57,Centre,0.0,0.0,0,0,0.0
138872,0,0.58,7,12,71,50,B10,Regular,A,27,Bretagne,0.0,0.0,0,0,0.0
1182645,0,0.43,8,15,39,85,B1,Regular,F,12750,Ile-de-France,0.0,0.0,0,0,0.0
3151641,0,0.93,5,5,56,50,B2,Diesel,C,105,Centre,0.0,0.0,0,0,0.0
6025468,0,0.36,9,7,69,50,B12,Regular,C,433,Provence-Alpes-Cotes-D'Azur,0.0,0.0,0,0,0.0
1077410,0,1.0,5,13,54,67,B5,Regular,E,3095,Nord-Pas-de-Calais,0.0,0.0,0,0,0.0
3140194,0,0.11,8,21,37,50,B10,Diesel,B,73,Rhone-Alpes,0.0,0.0,0,0,0.0
3234055,0,0.24,7,7,29,72,B6,Regular,D,824,Languedoc-Roussillon,0.0,0.0,0,0,0.0
3246050,0,0.07,6,9,67,50,B3,Diesel,D,528,Nord-Pas-de-Calais,0.0,0.0,0,0,0.0
2069521,0,0.75,8,7,47,50,B1,Diesel,A,29,Centre,0.0,0.0,0,0,0.0
1074518,0,1.0,4,13,44,50,B6,Regular,D,776,Nord-Pas-de-Calais,0.0,0.0,0,0,0.0
1005589,0,0.01,7,0,48,50,B12,Diesel,E,3946,Rhone-Alpes,0.0,0.0,0,0,0.0
1016377,0,0.08,7,0,46,50,B12,Diesel,C,171,Languedoc-Roussillon,0.0,0.0,0,0,0.0
2052349,0,0.34,4,12,40,56,B1,Diesel,B,53,Centre,0.0,0.0,0,0,0.0
1117481,0,1.0,9,8,20,72,B1,Regular,E,2715,Centre,0.0,0.0,0,0,0.0
2144517,0,0.03,5,6,52,50,B3,Diesel,E,3317,Provence-Alpes-Cotes-D'Azur,0.0,0.0,0,0,0.0
2215159,0,0.49,7,7,63,76,B2,Diesel,D,1326,Provence-Alpes-Cotes-D'Azur,0.0,0.0,0,0,0.0
1007877,0,0.38,4,1,37,50,B12,Regular,C,288,Rhone-Alpes,0.0,0.0,0,0,0.0
2128034,0,1.0,7,7,64,50,B2,Regular,E,3744,Provence-Alpes-Cotes-D'Azur,0.0,0.0,0,0,0.0
1103844,0,0.83,5,15,52,57,B3,Regular,B,91,Centre,0.0,0.0,0,0,0.0
2262634,0,1.0,6,9,36,50,B2,Diesel,E,9307,Rhone-Alpes,0.0,0.0,0,0,0.0
4186219,0,1.0,6,5,35,50,B4,Regular,D,983,Pays-de-la-Loire,0.0,0.0,0,0,0.0
5056232,0,0.1,4,4,27,85,B12,Regular,F,27000,Ile-de-France,0.0,0.0,0,0,0.0
2016676,0,0.37,10,1,49,50,B12,Regular,D,755,Midi-Pyrenees,0.0,0.0,0,0,0.0
144930,0,1.0,5,8,33,57,B1,Regular,C,283,Basse-Normandie,0.0,0.0,0,0,0.0
85111,0,0.1,6,6,36,54,B6,Diesel,A,18,Centre,0.0,0.0,0,0,0.0
2277849,0,0.44,5,10,33,85,B2,Diesel,A,34,Provence-Alpes-Cotes-D'Azur,0.0,0.0,0,0,0.0
3233630,0,0.24,6,15,63,50,B1,Diesel,D,1326,Provence-Alpes-Cotes-D'Azur,0.0,0.0,0,0,0.0
1003339,0,0.96,7,1,40,50,B12,Diesel,F,18229,Ile-de-France,0.0,0.0,0,0,0.0
5042247,0,0.92,7,2,51,50,B12,Regular,E,3859,Rhone-Alpes,0.0,0.0,0,0,0.0
97576,0,0.00273224,4,18,59,100,B1,Regular,A,22,Centre,0.0,0.0,0,0,0.0
51899,0,0.03,5,12,43,50,B6,Regular,F,27000,Ile-de-France,0.0,0.0,0,0,0.0
49369,0,0.08,5,4,42,50,B4,Diesel,D,1408,Pays-de-la-Loire,0.0,0.0,0,0,0.0
2121073,0,0.44,4,3,36,80,B3,Diesel,C,101,Rhone-Alpes,0.0,0.0,0,0,0.0
3091882,0,1.0,7,7,58,50,B1,Diesel,B,66,Pays-de-la-Loire,0.0,0.0,0,0,0.0
2203920,0,0.58,13,9,32,72,B3,Regular,E,9307,Rhone-Alpes,0.0,0.0,0,0,0.0
3060584,0,0.34,4,17,23,100,B2,Regular,E,3866,Centre,0.0,0.0,0,0,0.0
1157899,0,0.04,8,7,47,61,B6,Diesel,C,251,Basse-Normandie,0.0,0.0,0,0,0.0
2106288,0,0.93,6,7,46,88,B2,Diesel,E,3859,Rhone-Alpes,0.0,0.0,0,0,0.0
3199068,0,0.85,6,14,33,64,B2,Diesel,D,644,Bretagne,0.0,0.0,0,0,0.0
4019068,0,0.12,9,2,57,50,B12,Regular,D,503,Rhone-Alpes,0.0,0.0,0,0,0.0
1123307,0,0.72,5,13,51,53,B4,Regular,E,4128,Pays-de-la-Loire,0.0,0.0,0,0,0.0
2220271,0,0.49,4,13,48,50,B2,Regular,C,221,Languedoc-Roussillon,0.0,0.0,0,0,0.0
4174766,0,1.0,7,6,62,50,B1,Regular,C,473,Bretagne,0.0,0.0,0,0,0.0
175555,0,1.0,5,8,49,52,B2,Diesel,C,101,Poitou-Charentes,0.0,0.0,0,0,0.0
6091143,0,0.55,4,15,31,90,B2,Regular,E,3339,Ile-de-France,0.0,0.0,0,0,0.0
5009879,0,0.03,6,10,36,85,B1,Diesel,C,225,Alsace,0.0,0.0,0,0,0.0
5105943,0,0.11,8,0,57,50,B12,Diesel,D,1516,Aquitaine,0.0,0.0,0,0,0.0
2216531,0,0.21,7,15,70,50,B4,Regular,C,221,Languedoc-Roussillon,0.0,0.0,0,0,0.0
1184123,0,0.61,5,1,69,55,B1,Diesel,E,3857,Aquitaine,0.0,0.0,0,0,0.0
5025093,0,0.36,4,4,50,50,B12,Regular,C,203,Provence-Alpes-Cotes-D'Azur,0.0,0.0,0,0,0.0
4034363,0,0.01,4,1,49,50,B12,Diesel,B,88,Picardie,0.0,0.0,0,0,0.0
4160649,0,0.24,7,13,37,50,B5,Regular,C,114,Centre,0.0,0.0,0,0,0.0
2225494,0,0.08,7,4,30,64,B1,Diesel,D,824,Languedoc-Roussillon,0.0,0.0,0,0,0.0
5102991,0,0.12,7,15,19,100,B2,Diesel,A,39,Languedoc-Roussillon,0.0,0.0,0,0,0.0
4124147,0,0.97,5,10,47,50,B5,Diesel,E,3317,Provence-Alpes-Cotes-D'Azur,0.0,0.0,0,0,0.0
1091068,0,0.18,4,0,30,76,B1,Regular,B,96,Pays-de-la-Loire,0.0,0.0,0,0,0.0
3014510,0,0.71,7,10,40,50,B12,Diesel,C,433,Provence-Alpes-Cotes-D'Azur,0.0,0.0,0,0,0.0
5002886,0,0.71,9,5,66,50,B12,Regular,C,393,Languedoc-Roussillon,0.0,0.0,0,0,0.0
5025828,0,0.05,5,0,54,57,B12,Regular,F,27000,Ile-de-France,0.0,0.0,0,0,0.0
6067634,0,0.74,4,5,56,50,B12,Regular,B,86,Rhone-Alpes,0.0,0.0,0,0,0.0
2273598,0,0.08,4,7,24,50,B2,Regular,B,53,Languedoc-Roussillon,0.0,0.0,0,0,0.0
2195432,0,1.0,4,6,60,50,B1,Regular,D,1408,Pays-de-la-Loire,0.0,0.0,0,0,0.0
6020693,0,0.03,11,5,61,50,B12,Diesel,A,21,Pays-de-la-Loire,0.0,0.0,0,0,0.0
1075087,0,0.96,5,16,34,54,B2,Regular,D,793,Ile-de-France,0.0,0.0,0,0,0.0
3199152,1,0.74,6,12,52,50,B1,Diesel,A,27,Centre,88.15,88.15,1,1,1.3513513513513513
2215235,0,0.49,10,16,47,64,B1,Regular,E,2733,Provence-Alpes-Cotes-D'Azur,0.0,0.0,0,0,0.0
1096849,0,0.1,7,0,52,50,B4,Diesel,B,72,Centre,0.0,0.0,0,0,0.0
5042707,0,0.48,5,9,24,68,B3,Diesel,D,1006,Provence-Alpes-Cotes-D'Azur,0.0,0.0,0,0,0.0
2001473,0,0.32,5,3,71,55,B12,Regular,D,796,Ile-de-France,0.0,0.0,0,0,0.0
1124256,0,0.1,7,10,32,60,B1,Diesel,D,636,Nord-Pas-de-Calais,0.0,0.0,0,0,0.0
2220095,0,0.24,6,10,39,50,B1,Diesel,D,1064,Provence-Alpes-Cotes-D'Azur,0.0,0.0,0,0,0.0
4169175,0,0.05,9,17,18,100,B2,Regular,E,2377,Rhone-Alpes,0.0,0.0,0,0,0.0
2179937,0,1.0,7,9,72,50,B12,Regular,C,224,Languedoc-Roussillon,0.0,0.0,0,0,0.0
5022497,0,0.2,7,7,36,64,B12,Diesel,E,3023,Ile-de-France,0.0,0.0,0,0,0.0
2183885,0,0.24,8,12,50,50,B10,Regular,C,102,Centre,0.0,0.0,0,0,0.0
2048450,0,0.32,6,4,54,50,B2,Diesel,C,261,Centre,0.0,0.0,0,0,0.0
5086139,0,0.28,8,2,34,60,B12,Regular,E,3258,Ile-de-France,0.0,0.0,0,0,0.0
2012664,0,0.4,7,1,36,50,B12,Diesel,D,1055,Aquitaine,0.0,0.0,0,0,0.0
2083728,0,1.0,6,4,28,72,B2,Diesel,C,232,Rhone-Alpes,0.0,0.0,0,0,0.0
71840,0,0.24,6,8,37,51,B1,Diesel,B,78,Centre,0.0,0.0,0,0,0.0
159439,0,0.008196721,4,14,30,100,B2,Regular,D,831,Poitou-Charentes,0.0,0.0,0,0,0.0
1062806,0,1.0,4,1,47,50,B1,Regular,B,94,Rhone-Alpes,0.0,0.0,0,0,0.0
3238893,0,0.08,8,1,39,50,B12,Diesel,B,66,Provence-Alpes-Cotes-D'Azur,0.0,0.0,0,0,0.0
5015839,0,0.46,4,4,45,50,B12,Regular,C,324,Languedoc-Roussillon,0.0,0.0,0,0,0.0
42483,0,1.0,5,6,51,50,B3,Diesel,B,94,Bretagne,0.0,0.0,0,0,0.0
3139362,0,0.13,7,14,30,64,B1,Regular,D,1313,Centre,0.0,0.0,0,0,0.0
4075344,0,0.12,6,6,48,50,B13,Diesel,A,8,Franche-Comte,0.0,0.0,0,0,0.0
4155857,0,0.71,6,5,48,56,B1,Diesel,B,78,Centre,0.0,0.0,0,0,0.0
4182714,0,0.1,7,9,40,50,B2,Regular,D,607,Basse-Normandie,0.0,0.0,0,0,0.0
1003623,0,0.12,7,1,33,55,B12,Diesel,C,181,Alsace,0.0,0.0,0,0,0.0
5039092,0,0.21,7,2,31,54,B12,Diesel,B,71,Midi-Pyrenees,0.0,0.0,0,0,0.0
3038248,0,0.7,10,1,46,50,B12,Regular,F,27000,Ile-de-France,0.0,0.0,0,0,0.0
3252153,0,0.08,5,4,48,55,B1,Diesel,E,3301,Midi-Pyrenees,0.0,0.0,0,0,0.0
1011647,0,0.25,4,0,55,50,B12,Regular,D,555,Ile-de-France,0.0,0.0,0,0,0.0
1095331,0,0.91,6,7,58,50,B6,Diesel,E,9307,Rhone-Alpes,0.0,0.0,0,0,0.0
2130102,0,1.0,6,6,73,50,B2,Regular,E,4348,Aquitaine,0.0,0.0,0,0,0.0
1181136,0,0.5,4,18,61,80,B1,Regular,D,1398,Centre,0.0,0.0,0,0,0.0
2273883,0,0.08,7,6,53,64,B4,Regular,E,4128,Pays-de-la-Loire,0.0,0.0,0,0,0.0
6098019,0,0.44,11,4,50,50,B12,Diesel,A,35,Provence-Alpes-Cotes-D'Azur,0.0,0.0,0,0,0.0
3193504,0,0.58,4,18,29,57,B6,Regular,A,10,Centre,0.0,0.0,0,0,0.0
3109915,0,1.0,5,19,52,50,B3,Diesel,E,3744,Provence-Alpes-Cotes-D'Azur,0.0,0.0,0,0,0.0
5052161,0,0.23,5,5,38,72,B2,Diesel,C,345,Provence-Alpes-Cotes-D'Azur,0.0,0.0,0,0,0.0
1047448,0,0.98,6,2,53,50,B3,Diesel,A,48,Centre,0.0,0.0,0,0,0.0
3110265,0,1.0,13,16,47,50,B11,Regular,D,1027,Centre,0.0,0.0,0,0,0.0
68059,0,1.0,4,13,69,50,B2,Regular,A,24,Rhone-Alpes,0.0,0.0,0,0,0.0
4013510,0,0.36,4,3,26,112,B12,Regular,F,15386,Ile-de-France,0.0,0.0,0,0,0.0
2265814,0,0.08,5,8,28,72,B1,Regular,E,3866,Centre,0.0,0.0,0,0,0.0
3064594,1,0.9,7,8,56,85,B1,Diesel,D,516,Rhone-Alpes,803.27,803.27,1,1,1.1111111111111112
148844,0,1.0,5,8,39,54,B5,Diesel,A,23,Centre,0.0,0.0,0,0,0.0
2065211,0,1.0,4,13,55,50,B6,Regular,D,1397,Nord-Pas-de-Calais,0.0,0.0,0,0,0.0
1037385,0,1.0,10,11,44,50,B1,Diesel,C,115,Ile-de-France,0.0,0.0,0,0,0.0
2227017,0,0.33,5,9,37,50,B1,Regular,A,35,Centre,0.0,0.0,0,0,0.0
4168448,0,1.0,4,1,68,50,B1,Diesel,A,29,Bretagne,0.0,0.0,0,0,0.0
164298,0,0.71,8,7,49,50,B14,Diesel,C,229,Bretagne,0.0,0.0,0,0,0.0
717,1,0.03,9,0,32,61,B12,Regular,C,352,Nord-Pas-de-Calais,0.0,0.0,0,1,33.333333333333336
4122691,0,1.0,7,7,64,50,B1,Diesel,A,44,Centre,0.0,0.0,0,0,0.0
3211742,0,1.0,5,10,45,50,B4,Diesel,B,55,Bretagne,0.0,0.0,0,0,0.0
5018528,0,0.87,4,4,85,50,B12,Regular,E,4348,Aquitaine,0.0,0.0,0,0,0.0
126987,0,0.45,7,13,57,50,B1,Regular,C,214,Bourgogne,0.0,0.0,0,0,0.0
2130123,0,0.46,10,1,38,51,B12,Diesel,A,34,Aquitaine,0.0,0.0,0,0,0.0
3029900,0,0.01,10,0,66,50,B12,Regular,F,15703,Ile-de-France,0.0,0.0,0,0,0.0
52867,0,1.0,7,19,38,51,B1,Diesel,C,399,Centre,0.0,0.0,0,0,0.0
1103079,0,0.67,6,10,44,54,B4,Regular,B,71,Centre,0.0,0.0,0,0,0.0
5063097,0,0.03,4,1,31,95,B2,Diesel,E,2308,Nord-Pas-de-Calais,0.0,0.0,0,0,0.0
79822,0,1.0,6,2,66,50,B5,Regular,E,3997,Ile-de-France,0.0,0.0,0,0,0.0
2207472,0,0.13,5,5,26,100,B1,Regular,E,6913,Ile-de-France,0.0,0.0,0,0,0.0
2114573,0,0.8,7,8,37,58,B1,Regular,D,740,Rhone-Alpes,0.0,0.0,0,0,0.0
1197040,0,0.5,10,15,48,50,B10,Regular,C,282,Aquitaine,0.0,0.0,0,0,0.0
5064644,0,0.18,4,1,73,50,B12,Diesel,D,677,Nord-Pas-de-Calais,0.0,0.0,0,0,0.0
2281053,0,0.66,4,13,34,50,B2,Regular,C,290,Languedoc-Roussillon,0.0,0.0,0,0,0.0
76243,0,0.45,5,14,42,100,B3,Diesel,E,5449,Rhone-Alpes,0.0,0.0,0,0,0.0
1035113,0,0.69,4,12,33,68,B5,Regular,A,15,Auvergne,0.0,0.0,0,0,0.0
4018744,0,0.12,6,3,63,50,B12,Regular,D,1521,Rhone-Alpes,0.0,0.0,0,0,0.0
5036292,0,0.65,11,2,49,50,B12,Diesel,E,5106,Ile-de-France,0.0,0.0,0,0,0.0
4068130,0,0.03,11,0,64,50,B12,Diesel,B,65,Provence-Alpes-Cotes-D'Azur,0.0,0.0,0,0,0.0
1014417,0,0.55,6,0,64,50,B12,Regular,C,274,Limousin,0.0,0.0,0,0,0.0
3165200,0,0.008219178,5,1,40,50,B2,Regular,F,27000,Ile-de-France,0.0,0.0,0,0,0.0
3203463,0,0.18,6,7,48,50,B2,Diesel,D,1974,Poitou-Charentes,0.0,0.0,0,0,0.0
4129261,0,1.0,4,15,78,50,B1,Regular,C,188,Poitou-Charentes,0.0,0.0,0,0,0.0
6037623,0,0.46,9,6,67,50,B10,Diesel,E,3744,Provence-Alpes-Cotes-D'Azur,0.0,0.0,0,0,0.0
3174542,0,0.54,4,2,58,67,B4,Regular,E,2362,Bourgogne,0.0,0.0,0,0,0.0
4121880,0,1.0,6,9,47,50,B2,Diesel,A,9,Centre,0.0,0.0,0,0,0.0
1054157,0,0.2,8,0,66,50,B2,Diesel,F,15703,Ile-de-France,0.0,0.0,0,0,0.0
6113237,0,0.07,4,0,75,50,B12,Regular,A,32,Basse-Normandie,0.0,0.0,0,0,0.0
1156524,0,0.78,8,14,58,50,B2,Regular,C,234,Languedoc-Roussillon,0.0,0.0,0,0,0.0
5091273,0,0.79,7,1,67,50,B12,Regular,E,4762,Provence-Alpes-Cotes-D'Azur,0.0,0.0,0,0,0.0
1059859,0,0.3,6,22,62,50,B2,Regular,E,2885,Nord-Pas-de-Calais,0.0,0.0,0,0,0.0
5070319,0,0.46,6,3,34,50,B12,Regular,B,85,Languedoc-Roussillon,0.0,0.0,0,0,0.0
5019024,0,0.8,8,1,40,66,B2,Diesel,E,3301,Midi-Pyrenees,0.0,0.0,0,0,0.0
125673,0,1.0,4,9,57,50,B2,Regular,D,1313,Centre,0.0,0.0,0,0,0.0
2220689,0,0.41,5,10,61,50,B2,Diesel,B,51,Midi-Pyrenees,0.0,0.0,0,0,0.0
105617,0,0.12,9,12,41,50,B1,Regular,A,39,Aquitaine,0.0,0.0,0,0,0.0
1055622,0,1.0,5,10,52,50,B1,Regular,D,731,Rhone-Alpes,0.0,0.0,0,0,0.0
1023742,0,0.21,5,7,27,72,B5,Diesel,D,1943,Centre,0.0,0.0,0,0,0.0
2241716,0,0.32,8,15,49,77,B12,Regular,E,4685,Ile-de-France,0.0,0.0,0,0,0.0
3144976,0,0.25,5,10,70,50,B2,Diesel,D,1601,Nord-Pas-de-Calais,0.0,0.0,0,0,0.0
5072829,0,0.7,9,5,41,50,B2,Regular,C,139,Provence-Alpes-Cotes-D'Azur,0.0,0.0,0,0,0.0
4140644,0,1.0,4,12,63,58,B1,Regular,E,3386,Bretagne,0.0,0.0,0,0,0.0
5083375,0,0.03,5,10,25,80,B5,Diesel,D,645,Ile-de-France,0.0,0.0,0,0,0.0
2277634,0,0.41,9,9,37,72,B11,Regular,E,2446,Provence-Alpes-Cotes-D'Azur,0.0,0.0,0,0,0.0
4119467,0,0.49,7,5,37,64,B1,Regular,A,19,Centre,0.0,0.0,0,0,0.0
6035123,0,0.15,7,3,64,50,B12,Regular,C,148,Auvergne,0.0,0.0,0,0,0.0
1083280,0,1.0,5,2,40,50,B3,Diesel,A,12,Provence-Alpes-Cotes-D'Azur,0.0,0.0,0,0,0.0
2067030,0,1.0,4,22,52,50,B1,Regular,C,461,Bretagne,0.0,0.0,0,0,0.0
1035994,0,0.03,4,5,39,50,B6,Regular,D,1296,Centre,0.0,0.0,0,0,0.0
2273928,0,0.08,7,4,39,50,B10,Regular,E,3744,Provence-Alpes-Cotes-D'Azur,0.0,0.0,0,0,0.0
6579,1,0.34,6,0,47,50,B12,Regular,E,3019,Midi-Pyrenees,0.0,0.0,0,1,2.941176470588235
3181682,0,1.0,5,4,62,50,B2,Regular,E,4116,Centre,0.0,0.0,0,0,0.0
1073536,0,1.0,8,11,39,50,B10,Diesel,A,31,Aquitaine,0.0,0.0,0,0,0.0
3041795,0,0.81,4,0,48,50,B3,Regular,D,990,Aquitaine,0.0,0.0,0,0,0.0
1178323,0,1.0,6,8,23,50,B6,Diesel,A,29,Poitou-Charentes,0.0,0.0,0,0,0.0
2178269,0,1.0,6,11,53,50,B1,Diesel,C,196,Auvergne,0.0,0.0,0,0,0.0
1096401,0,1.0,5,4,67,50,B1,Regular,A,11,Centre,0.0,0.0,0,0,0.0
3021334,0,0.04,7,2,57,50,B12,Regular,C,215,Provence-Alpes-Cotes-D'Azur,0.0,0.0,0,0,0.0
5084829,0,0.71,5,6,27,90,B3,Regular,E,4762,Provence-Alpes-Cotes-D'Azur,0.0,0.0,0,0,0.0
4156718,0,0.03,7,15,50,95,B2,Regular,D,598,Basse-Normandie,0.0,0.0,0,0,0.0
1028000,0,0.88,7,17,40,54,B2,Regular,C,203,Centre,0.0,0.0,0,0,0.0
6111532,0,0.54,7,1,50,112,B12,Diesel,F,27000,Ile-de-France,0.0,0.0,0,0,0.0
2007051,0,0.7,10,2,61,57,B12,Regular,F,27000,Ile-de-France,0.0,0.0,0,0,0.0
3033672,0,0.13,5,0,46,50,B12,Regular,C,332,Basse-Normandie,0.0,0.0,0,0,0.0
3248931,0,0.08,9,14,35,60,B1,Regular,B,52,Rhone-Alpes,0.0,0.0,0,0,0.0
3132183,0,0.002739726,5,13,42,60,B2,Regular,B,77,Languedoc-Roussillon,0.0,0.0,0,0,0.0
139534,0,0.36,7,7,31,57,B2,Regular,C,282,Centre,0.0,0.0,0,0,0.0
2206391,0,0.1,5,6,39,57,B1,Regular,A,38,Bourgogne,0.0,0.0,0,0,0.0
2287578,0,0.08,7,19,40,68,B2,Diesel,D,1287,Aquitaine,0.0,0.0,0,0,0.0
5096231,0,0.09,4,0,50,62,B12,Regular,C,179,Haute-Normandie,0.0,0.0,0,0,0.0
4045819,0,0.94,6,1,26,100,B12,Diesel,D,645,Ile-de-France,0.0,0.0,0,0,0.0
3057745,0,1.0,8,11,47,50,B1,Diesel,A,22,Poitou-Charentes,0.0,0.0,0,0,0.0
1126946,0,0.26,5,14,55,50,B1,Regular,C,220,Centre,0.0,0.0,0,0,0.0
4173197,0,0.36,7,6,49,50,B5,Regular,C,473,Bretagne,0.0,0.0,0,0,0.0
3020761,0,0.87,8,2,43,51,B12,Diesel,F,16284,Ile-de-France,0.0,0.0,0,0,0.0
5055983,1,0.56,8,1,76,50,B12,Diesel,E,2120,Midi-Pyrenees,1204.0,1204.0,1,1,1.7857142857142856
3156450,0,1.0,7,1,21,95,B4,Regular,D,1403,Nord-Pas-de-Calais,0.0,0.0,0,0,0.0
2267940,0,0.5,11,3,53,77,B1,Regular,C,311,Aquitaine,0.0,0.0,0,0,0.0
6097101,0,0.41,8,4,51,50,B12,Diesel,E,4220,Ile-de-France,0.0,0.0,0,0,0.0
3236533,0,0.08,7,11,37,50,B1,Regular,C,125,Aquitaine,0.0,0.0,0,0,0.0
2090465,0,0.02,6,8,20,100,B2,Diesel,D,657,Provence-Alpes-Cotes-D'Azur,0.0,0.0,0,0,0.0
74567,0,0.33,6,14,55,50,B3,Regular,C,203,Nord-Pas-de-Calais,0.0,0.0,0,0,0.0
3142856,0,1.0,7,7,47,68,B2,Regular,C,106,Centre,0.0,0.0,0,0,0.0
3119332,0,1.0,5,1,52,50,B4,Regular,A,24,Centre,0.0,0.0,0,0,0.0
4135547,0,0.07,5,15,44,50,B2,Diesel,A,23,Centre,0.0,0.0,0,0,0.0
4045120,0,0.39,4,10,31,100,B1,Regular,A,27,Centre,0.0,0.0,0,0,0.0
6030114,0,0.32,7,6,32,54,B12,Regular,A,30,Poitou-Charentes,0.0,0.0,0,0,0.0
1195618,0,0.49,7,12,31,80,B5,Regular,D,646,Nord-Pas-de-Calais,0.0,0.0,0,0,0.0
2112871,0,1.0,7,10,45,57,B2,Regular,E,4348,Aquitaine,0.0,0.0,0,0,0.0
4128961,0,1.0,4,47,59,50,B1,Regular,B,66,Pays-de-la-Loire,0.0,0.0,0,0,0.0
4173743,0,0.04,6,5,58,50,B1,Regular,C,473,Bretagne,0.0,0.0,0,0,0.0
3208775,0,1.0,6,6,54,50,B3,Diesel,C,103,Bretagne,0.0,0.0,0,0,0.0
2253997,0,0.27,6,11,51,68,B1,Regular,B,66,Provence-Alpes-Cotes-D'Azur,0.0,0.0,0,0,0.0
150693,0,0.72,7,13,42,60,B2,Regular,D,831,Poitou-Charentes,0.0,0.0,0,0,0.0
3036699,0,0.01,7,4,25,95,B1,Diesel,D,1497,Nord-Pas-de-Calais,0.0,0.0,0,0,0.0
3239007,0,0.08,6,3,46,50,B1,Diesel,B,95,Rhone-Alpes,0.0,0.0,0,0,0.0
5051816,0,0.72,8,1,62,50,B12,Diesel,F,12750,Ile-de-France,0.0,0.0,0,0,0.0
143310,0,0.08,5,11,37,68,B3,Diesel,C,225,Rhone-Alpes,0.0,0.0,0,0,0.0
1168000,0,0.73,7,10,61,50,B11,Diesel,D,606,Rhone-Alpes,0.0,0.0,0,0,0.0
5015090,0,0.54,12,4,52,50,B12,Diesel,F,15725,Ile-de-France,0.0,0.0,0,0,0.0
3240191,0,0.16,7,2,67,50,B3,Diesel,B,91,Midi-Pyrenees,0.0,0.0,0,0,0.0
5108102,0,0.06,4,1,43,50,B12,Regular,F,18229,Ile-de-France,0.0,0.0,0,0,0.0
2200043,0,1.0,5,8,48,50,B1,Regular,E,3866,Centre,0.0,0.0,0,0,0.0
6013010,0,0.38,7,5,37,50,B4,Diesel,D,1767,Nord-Pas-de-Calais,0.0,0.0,0,0,0.0
166105,0,1.0,4,14,41,50,B2,Regular,B,92,Centre,0.0,0.0,0,0,0.0
1123066,0,0.76,4,5,37,50,B1,Regular,C,405,Centre,0.0,0.0,0,0,0.0
27910,0,0.49,5,17,40,51,B2,Regular,C,405,Centre,0.0,0.0,0,0,0.0
2258678,0,0.97,6,8,86,50,B2,Regular,E,3301,Midi-Pyrenees,0.0,0.0,0,0,0.0
4143494,0,0.33,8,6,31,57,B10,Diesel,A,44,Centre,0.0,0.0,0,0,0.0
2285676,0,0.5,4,1,61,50,B2,Regular,C,199,Rhone-Alpes,0.0,0.0,0,0,0.0
4141950,0,0.05,11,10,39,50,B5,Diesel,A,33,Centre,0.0,0.0,0,0,0.0
4011345,0,0.2,5,3,49,50,B12,Regular,A,25,Ile-de-France,0.0,0.0,0,0,0.0
4171520,0,1.0,4,5,46,50,B1,Regular,B,73,Bretagne,0.0,0.0,0,0,0.0
4034672,0,0.58,9,1,80,92,B12,Regular,C,352,Nord-Pas-de-Calais,0.0,0.0,0,0,0.0
4156553,0,1.0,7,12,48,50,B11,Diesel,D,747,Bretagne,0.0,0.0,0,0,0.0
6087502,0,0.19,7,10,41,50,B12,Regular,D,1376,Ile-de-France,0.0,0.0,0,0,0.0
4009708,0,0.96,5,4,79,50,B12,Diesel,C,118,Provence-Alpes-Cotes-D'Azur,0.0,0.0,0,0,0.0
69389,0,1.0,6,16,47,50,B3,Regular,D,828,Provence-Alpes-Cotes-D'Azur,0.0,0.0,0,0,0.0
4030160,0,0.57,4,1,66,50,B12,Regular,D,1408,Pays-de-la-Loire,0.0,0.0,0,0,0.0
5078750,0,0.03,5,10,32,68,B5,Diesel,D,1780,Nord-Pas-de-Calais,0.0,0.0,0,0,0.0
2217797,0,0.08,8,2,57,144,B3,Diesel,E,3708,Bourgogne,0.0,0.0,0,0,0.0
3169531,0,0.002739726,4,4,21,90,B3,Diesel,A,11,Centre,0.0,0.0,0,0,0.0
2102835,0,0.17,5,0,40,54,B2,Diesel,E,3341,Ile-de-France,0.0,0.0,0,0,0.0
86378,0,0.5,6,13,34,64,B1,Diesel,C,402,Provence-Alpes-Cotes-D'Azur,0.0,0.0,0,0,0.0
3212120,0,0.6,6,16,36,64,B1,Regular,E,7590,Ile-de-France,0.0,0.0,0,0,0.0
6020053,0,0.69,8,4,45,50,B12,Diesel,D,533,Provence-Alpes-Cotes-D'Azur,0.0,0.0,0,0,0.0
5000486,0,0.12,4,10,35,63,B6,Regular,C,480,Rhone-Alpes,0.0,0.0,0,0,0.0
94603,0,0.19,7,6,22,85,B1,Diesel,D,1323,Rhone-Alpes,0.0,0.0,0,0,0.0
4164391,0,1.0,12,15,46,50,B11,Regular,D,889,Rhone-Alpes,0.0,0.0,0,0,0.0
3121938,0,1.0,7,1,56,50,B6,Diesel,E,3317,Provence-Alpes-Cotes-D'Azur,0.0,0.0,0,0,0.0
2001592,0,0.2,4,2,46,50,B12,Regular,D,1005,Provence-Alpes-Cotes-D'Azur,0.0,0.0,0,0,0.0
2107596,0,1.0,5,1,57,50,B4,Regular,B,83,Haute-Normandie,0.0,0.0,0,0,0.0
4181323,0,0.6,5,10,55,50,B1,Regular,D,796,Ile-de-France,0.0,0.0,0,0,0.0
1181895,0,0.99,6,16,39,76,B13,Regular,E,8023,Ile-de-France,0.0,0.0,0,0,0.0
3032396,0,0.34,5,5,29,76,B2,Regular,F,27000,Ile-de-France,0.0,0.0,0,0,0.0
2139156,0,0.5,6,13,52,58,B1,Diesel,D,1273,Nord-Pas-de-Calais,0.0,0.0,0,0,0.0
1140373,0,0.83,6,13,70,50,B1,Diesel,C,247,Bretagne,0.0,0.0,0,0,0.0
3243624,0,0.07,6,3,32,51,B1,Regular,C,110,Provence-Alpes-Cotes-D'Azur,0.0,0.0,0,0,0.0
4154629,0,0.87,7,15,39,50,B3,Regular,E,4762,Provence-Alpes-Cotes-D'Azur,0.0,0.0,0,0,0.0
3246562,0,0.12,7,18,40,50,B5,Regular,C,197,Provence-Alpes-Cotes-D'Azur,0.0,0.0,0,0,0.0
5072232,0,0.38,10,4,68,50,B12,Diesel,A,34,Aquitaine,0.0,0.0,0,0,0.0
1019317,0,1.0,7,2,71,50,B4,Regular,D,1943,Centre,0.0,0.0,0,0,0.0
4025191,0,0.63,4,1,27,76,B12,Diesel,E,4982,Haute-Normandie,0.0,0.0,0,0,0.0
1107623,0,0.04,7,14,34,85,B2,Diesel,A,18,Languedoc-Roussillon,0.0,0.0,0,0,0.0
1191388,0,0.48,7,0,65,63,B3,Diesel,E,2120,Midi-Pyrenees,0.0,0.0,0,0,0.0
133055,0,0.5,7,6,37,50,B1,Diesel,B,84,Centre,0.0,0.0,0,0,0.0
53363,0,0.01,7,6,30,100,B2,Regular,C,399,Centre,0.0,0.0,0,0,0.0
2216303,0,0.28,5,0,37,50,B1,Diesel,D,1871,Rhone-Alpes,0.0,0.0,0,0,0.0
2260674,0,0.5,5,2,47,50,B1,Regular,D,1326,Provence-Alpes-Cotes-D'Azur,0.0,0.0,0,0,0.0
4077455,0,0.21,6,6,39,51,B12,Diesel,E,2446,Provence-Alpes-Cotes-D'Azur,0.0,0.0,0,0,0.0
137840,0,1.0,6,6,46,50,B1,Diesel,C,104,Bretagne,0.0,0.0,0,0,0.0
6100506,0,0.32,4,1,26,100,B3,Regular,C,117,Rhone-Alpes,0.0,0.0,0,0,0.0
5015257,0,0.12,6,7,33,50,B12,Diesel,D,613,Provence-Alpes-Cotes-D'Azur,0.0,0.0,0,0,0.0
4183066,0,0.33,4,10,18,100,B3,Regular,C,137,Centre,0.0,0.0,0,0,0.0
4176421,0,1.0,7,13,46,50,B6,Diesel,C,113,Centre,0.0,0.0,0,0,0.0
1076176,1,0.57,6,7,26,76,B13,Diesel,C,200,Rhone-Alpes,89.0,89.0,1,1,1.7543859649122808
1186290,0,1.0,7,1,51,50,B3,Diesel,C,269,Languedoc-Roussillon,0.0,0.0,0,0,0.0
3001961,0,0.2,6,3,66,50,B12,Diesel,C,107,Languedoc-Roussillon,0.0,0.0,0,0,0.0
52342,0,0.09,6,9,22,140,B6,Regular,C,405,Centre,0.0,0.0,0,0,0.0
1120753,0,0.75,4,16,46,50,B2,Regular,E,9307,Rhone-Alpes,0.0,0.0,0,0,0.0
4080975,0,0.53,10,0,46,50,B12,Regular,E,2191,Bourgogne,0.0,0.0,0,0,0.0
49588,1,0.89,4,4,49,76,B2,Regular,A,44,Pays-de-la-Loire,714.87,714.87,1,1,1.1235955056179776
3188762,0,0.94,7,18,32,50,B2,Regular,A,32,Centre,0.0,0.0,0,0,0.0
4176043,1,0.92,6,9,43,50,B2,Regular,E,3465,Ile-de-France,2217.5,2217.5,1,1,1.0869565217391304
4012719,0,0.71,4,3,53,50,B12,Regular,D,1287,Aquitaine,0.0,0.0,0,0,0.0
1097423,1,0.21,9,15,49,50,B13,Regular,C,190,Bretagne,688.03,688.03,1,1,4.761904761904762
2150838,0,0.74,6,3,29,57,B2,Diesel,C,155,Centre,0.0,0.0,0,0,0.0
4178397,0,0.56,6,10,35,50,B1,Diesel,E,8549,Rhone-Alpes,0.0,0.0,0,0,0.0
25253,0,1.0,5,6,25,68,B5,Diesel,A,19,Limousin,0.0,0.0,0,0,0.0
4151331,0,1.0,5,6,43,50,B5,Diesel,C,287,Bretagne,0.0,0.0,0,0,0.0
1108467,0,0.09,7,14,29,95,B1,Regular,C,149,Centre,0.0,0.0,0,0,0.0
151072,0,0.32,5,1,35,68,B1,Diesel,D,606,Rhone-Alpes,0.0,0.0,0,0,0.0
2014067,0,0.28,7,5,37,76,B12,Regular,B,70,Rhone-Alpes,0.0,0.0,0,0,0.0
4084375,0,0.71,6,1,47,50,B12,Diesel,D,868,Midi-Pyrenees,0.0,0.0,0,0,0.0
2093562,0,1.0,8,16,30,68,B1,Diesel,A,32,Poitou-Charentes,0.0,0.0,0,0,0.0
2167558,0,0.11,13,1,41,50,B13,Regular,E,8549,Rhone-Alpes,0.0,0.0,0,0,0.0
3250240,0,0.08,6,3,29,60,B4,Diesel,B,67,Rhone-Alpes,0.0,0.0,0,0,0.0
3207186,0,1.0,9,3,38,50,B2,Regular,C,161,Rhone-Alpes,0.0,0.0,0,0,0.0
2266344,0,0.38,6,4,27,90,B2,Diesel,B,97,Languedoc-Roussillon,0.0,0.0,0,0,0.0
3059432,0,0.07,6,7,65,50,B1,Diesel,B,94,Centre,0.0,0.0,0,0,0.0
1081376,0,1.0,7,14,44,70,B2,Regular,C,398,Bretagne,0.0,0.0,0,0,0.0
38663,0,1.0,5,6,28,57,B1,Regular,D,1398,Centre,0.0,0.0,0,0,0.0
3123516,0,0.008219178,4,5,58,50,B1,Diesel,B,75,Provence-Alpes-Cotes-D'Azur,0.0,0.0,0,0,0.0
3026162,0,0.28,11,1,60,50,B12,Regular,A,14,Centre,0.0,0.0,0,0,0.0
2058879,0,1.0,5,6,39,50,B3,Diesel,D,1296,Centre,0.0,0.0,0,0,0.0
3208222,0,0.43,5,13,77,72,B1,Regular,D,645,Languedoc-Roussillon,0.0,0.0,0,0,0.0
3054789,0,1.0,6,5,61,50,B2,Diesel,A,44,Centre,0.0,0.0,0,0,0.0
2053425,0,0.3,6,8,31,57,B2,Diesel,B,95,Pays-de-la-Loire,0.0,0.0,0,0,0.0
4077606,0,0.04,11,2,58,50,B12,Diesel,C,184,Provence-Alpes-Cotes-D'Azur,0.0,0.0,0,0,0.0
4000924,0,0.87,4,4,45,50,B12,Regular,D,1784,Ile-de-France,0.0,0.0,0,0,0.0
3112017,0,0.14,8,19,22,85,B2,Regular,A,42,Centre,0.0,0.0,0,0,0.0
3249550,0,0.08,4,2,49,52,B6,Regular,D,1557,Rhone-Alpes,0.0,0.0,0,0,0.0
131347,0,1.0,6,13,40,50,B2,Regular,C,232,Centre,0.0,0.0,0,0,0.0
3163202,0,0.25,5,2,57,50,B2,Diesel,C,357,Rhone-Alpes,0.0,0.0,0,0,0.0
6030170,0,0.44,7,5,42,50,B12,Diesel,F,27000,Ile-de-France,0.0,0.0,0,0,0.0
4129498,0,1.0,5,5,80,50,B5,Regular,E,3386,Bretagne,0.0,0.0,0,0,0.0
1012963,0,0.7,4,0,56,50,B12,Regular,B,70,Haute-Normandie,0.0,0.0,0,0,0.0
2049067,0,1.0,7,8,77,50,B2,Regular,C,165,Bretagne,0.0,0.0,0,0,0.0
2075936,0,0.16,5,8,44,50,B1,Regular,E,4762,Provence-Alpes-Cotes-D'Azur,0.0,0.0,0,0,0.0
4180969,0,0.96,9,9,37,50,B1,Regular,E,3744,Provence-Alpes-Cotes-D'Azur,0.0,0.0,0,0,0.0
3249749,0,0.08,7,17,59,50,B1,Regular,E,5460,Ile-de-France,0.0,0.0,0,0,0.0
4025861,0,0.63,4,2,60,50,B12,Diesel,E,3575,Ile-de-France,0.0,0.0,0,0,0.0
2095701,0,0.1,4,20,49,50,B1,Regular,B,92,Rhone-Alpes,0.0,0.0,0,0,0.0
3199140,0,0.09,7,15,65,50,B2,Diesel,A,17,Centre,0.0,0.0,0,0,0.0
4008153,0,0.12,11,4,50,50,B12,Diesel,D,1541,Languedoc-Roussillon,0.0,0.0,0,0,0.0
1079004,0,0.35,10,10,49,50,B3,Diesel,D,854,Rhone-Alpes,0.0,0.0,0,0,0.0
3044456,0,0.78,12,1,57,50,B12,Regular,D,1447,Ile-de-France,0.0,0.0,0,0,0.0
3081967,0,0.46,15,4,31,50,B12,Regular,C,421,Centre,0.0,0.0,0,0,0.0
2218325,2,0.08,7,1,28,64,B2,Regular,E,4128,Pays-de-la-Loire,12552.98,6276.49,2,1,25.0
4147991,0,0.24,11,5,33,83,B14,Diesel,E,2859,Ile-de-France,0.0,0.0,0,0,0.0
1096102,0,1.0,10,6,53,50,B5,Diesel,C,144,Provence-Alpes-Cotes-D'Azur,0.0,0.0,0,0,0.0
5024189,0,0.71,6,3,60,50,B12,Diesel,F,12374,Ile-de-France,0.0,0.0,0,0,0.0
3000274,0,0.03,10,4,53,112,B13,Regular,D,1022,Nord-Pas-de-Calais,0.0,0.0,0,0,0.0
3168904,0,0.89,10,3,81,50,B12,Regular,E,4128,Pays-de-la-Loire,0.0,0.0,0,0,0.0
5075228,0,0.12,4,3,38,50,B12,Diesel,D,650,Midi-Pyrenees,0.0,0.0,0,0,0.0
2017159,0,0.09,11,1,42,100,B12,Diesel,A,33,Ile-de-France,0.0,0.0,0,0,0.0
6033466,0,0.53,11,1,34,76,B12,Diesel,D,645,Corse,0.0,0.0,0,0,0.0
4179348,0,0.64,7,6,57,69,B1,Diesel,A,16,Rhone-Alpes,0.0,0.0,0,0,0.0
3157235,0,0.2,7,8,38,50,B12,Regular,D,741,Centre,0.0,0.0,0,0,0.0
3177150,0,1.0,5,9,56,50,B3,Diesel,A,12,Centre,0.0,0.0,0,0,0.0
2220788,0,0.41,11,4,35,67,B3,Regular,C,184,Provence-Alpes-Cotes-D'Azur,0.0,0.0,0,0,0.0
2190244,0,1.0,9,11,88,50,B2,Regular,B,70,Picardie,0.0,0.0,0,0,0.0
1177585,0,1.0,4,1,48,50,B1,Regular,D,1601,Nord-Pas-de-Calais,0.0,0.0,0,0,0.0
1045956,0,1.0,6,8,43,50,B2,Diesel,D,1601,Nord-Pas-de-Calais,0.0,0.0,0,0,0.0
2164816,0,0.3,7,9,26,80,B2,Regular,B,91,Centre,0.0,0.0,0,0,0.0
6021450,0,0.62,6,4,67,50,B12,Regular,A,21,Corse,0.0,0.0,0,0,0.0
6044309,0,0.02,7,2,44,50,B12,Diesel,A,46,Picardie,0.0,0.0,0,0,0.0
4144742,0,0.56,7,10,24,90,B1,Regular,D,1313,Centre,0.0,0.0,0,0,0.0
19869,3,1.0,5,9,87,50,B4,Regular,C,399,Centre,0.0,0.0,0,1,3.0
1088380,0,0.51,5,10,53,50,B1,Regular,C,214,Bourgogne,0.0,0.0,0,0,0.0
3012880,0,0.8,8,2,46,63,B2,Regular,A,27,Corse,0.0,0.0,0,0,0.0
3038633,0,0.72,11,1,62,50,B12,Diesel,B,55,Midi-Pyrenees,0.0,0.0,0,0,0.0
4037861,0,0.04,5,0,31,90,B1,Regular,C,265,Corse,0.0,0.0,0,0,0.0
1016310,1,0.08,4,7,23,100,B1,Regular,F,27000,Ile-de-France,1128.0,1128.0,1,1,12.5
6092488,0,0.24,7,1,62,50,B12,Diesel,C,456,Midi-Pyrenees,0.0,0.0,0,0,0.0
1184917,0,0.44,6,8,43,50,B12,Regular,E,3744,Provence-Alpes-Cotes-D'Azur,0.0,0.0,0,0,0.0
1180879,1,0.97,5,13,63,56,B4,Regular,D,1326,Provence-Alpes-Cotes-D'Azur,1431.8,1431.8,1,1,1.0309278350515465
3034333,0,0.09,6,3,66,50,B12,Regular,C,246,Bourgogne,0.0,0.0,0,0,0.0
3022339,0,0.03,7,2,25,85,B12,Regular,F,14368,Ile-de-France,0.0,0.0,0,0,0.0
4130755,0,1.0,7,8,59,50,B2,Diesel,C,155,Rhone-Alpes,0.0,0.0,0,0,0.0
2107092,1,0.25,5,5,32,95,B3,Diesel,C,117,Aquitaine,1172.0,1172.0,1,1,4.0
2120732,0,0.86,5,13,33,85,B5,Diesel,C,359,Bretagne,0.0,0.0,0,0,0.0
3041443,0,0.07,12,2,39,80,B12,Diesel,B,59,Ile-de-France,0.0,0.0,0,0,0.0
6101695,0,0.58,4,1,48,50,B12,Regular,D,912,Nord-Pas-de-Calais,0.0,0.0,0,0,0.0
60691,1,1.0,6,8,55,50,B2,Diesel,C,142,Aquitaine,1128.12,1128.12,1,1,1.0
1126982,0,1.0,4,18,39,50,B2,Regular,A,14,Centre,0.0,0.0,0,0,0.0
3043575,0,0.81,4,0,53,50,B12,Regular,A,49,Auvergne,0.0,0.0,0,0,0.0
5083874,0,0.05,7,0,60,50,B12,Diesel,D,726,Languedoc-Roussillon,0.0,0.0,0,0,0.0
3074052,0,1.0,5,9,39,50,B4,Diesel,A,47,Aquitaine,0.0,0.0,0,0,0.0
5049871,0,0.8,7,5,51,50,B2,Diesel,A,27,Centre,0.0,0.0,0,0,0.0
3241197,0,0.24,8,12,59,50,B2,Diesel,A,25,Languedoc-Roussillon,0.0,0.0,0,0,0.0
1196576,0,1.0,10,2,56,50,B12,Diesel,C,144,Provence-Alpes-Cotes-D'Azur,0.0,0.0,0,0,0.0
2088565,0,0.79,4,6,25,80,B1,Regular,A,20,Centre,0.0,0.0,0,0,0.0
3059304,0,0.39,6,15,34,54,B1,Diesel,C,271,Centre,0.0,0.0,0,0,0.0
3124181,0,0.02,6,3,54,50,B2,Diesel,C,335,Centre,0.0,0.0,0,0,0.0
2178802,0,0.07,6,11,37,50,B1,Diesel,A,12,Centre,0.0,0.0,0,0,0.0
4168988,0,0.00273224,10,0,35,52,B1,Diesel,A,16,Centre,0.0,0.0,0,0,0.0
168282,0,0.26,4,13,28,76,B2,Regular,A,42,Pays-de-la-Loire,0.0,0.0,0,0,0.0
52347,0,1.0,7,5,43,50,B1,Diesel,A,27,Centre,0.0,0.0,0,0,0.0
4136634,0,1.0,7,6,54,50,B1,Diesel,D,747,Bretagne,0.0,0.0,0,0,0.0
1156776,0,0.07,7,8,32,100,B2,Diesel,A,34,Basse-Normandie,0.0,0.0,0,0,0.0
1193751,0,0.44,5,1,22,90,B2,Regular,E,3744,Provence-Alpes-Cotes-D'Azur,0.0,0.0,0,0,0.0
26785,0,0.9,7,19,44,50,B1,Regular,A,22,Midi-Pyrenees,0.0,0.0,0,0,0.0
4019367,0,0.04,11,3,56,50,B12,Diesel,D,1232,Provence-Alpes-Cotes-D'Azur,0.0,0.0,0,0,0.0
2048769,0,0.86,7,0,65,50,B2,Regular,B,56,Centre,0.0,0.0,0,0,0.0
4136042,0,1.0,6,49,68,76,B12,Diesel,C,105,Centre,0.0,0.0,0,0,0.0
164118,0,1.0,6,10,41,50,B1,Diesel,A,13,Centre,0.0,0.0,0,0,0.0
2105466,0,1.0,4,2,47,50,B4,Regular,D,647,Nord-Pas-de-Calais,0.0,0.0,0,0,0.0
5095807,0,0.14,8,0,36,60,B12,Diesel,E,4939,Ile-de-France,0.0,0.0,0,0,0.0
2002857,0,0.74,5,2,34,72,B12,Regular,E,7590,Ile-de-France,0.0,0.0,0,0,0.0
2096910,1,0.38,7,5,64,50,B1,Regular,B,93,Nord-Pas-de-Calais,1172.0,1172.0,1,1,2.6315789473684212
4178624,0,1.0,4,19,35,54,B1,Regular,F,12374,Ile-de-France,0.0,0.0,0,0,0.0
3234650,0,0.24,5,7,37,50,B1,Diesel,C,168,Pays-de-la-Loire,0.0,0.0,0,0,0.0
3073685,0,0.75,9,3,41,50,B10,Diesel,D,581,Centre,0.0,0.0,0,0,0.0
1142302,0,0.49,8,13,49,50,B6,Diesel,B,91,Centre,0.0,0.0,0,0,0.0
1179249,0,0.91,6,12,38,50,B2,Regular,A,37,Basse-Normandie,0.0,0.0,0,0,0.0
5089306,0,0.02,7,0,63,50,B12,Diesel,C,393,Languedoc-Roussillon,0.0,0.0,0,0,0.0
1181760,0,0.5,4,12,67,50,B4,Regular,E,3963,Languedoc-Roussillon,0.0,0.0,0,0,0.0
1063392,0,1.0,5,6,47,50,B3,Diesel,E,4762,Provence-Alpes-Cotes-D'Azur,0.0,0.0,0,0,0.0
2218918,0,0.08,5,8,51,50,B2,Regular,D,609,Provence-Alpes-Cotes-D'Azur,0.0,0.0,0,0,0.0
3145405,0,0.13,6,15,66,52,B1,Regular,C,153,Poitou-Charentes,0.0,0.0,0,0,0.0
2036772,0,0.36,7,0,52,50,B12,Diesel,B,66,Rhone-Alpes,0.0,0.0,0,0,0.0
2120467,0,0.4,5,2,56,50,B2,Diesel,C,214,Bourgogne,0.0,0.0,0,0,0.0
2040341,0,0.08,6,7,60,50,B5,Regular,E,3132,Ile-de-France,0.0,0.0,0,0,0.0
1124884,0,0.09,7,2,49,50,B2,Diesel,C,283,Basse-Normandie,0.0,0.0,0,0,0.0
5023409,0,0.8,4,10,43,50,B6,Regular,C,188,Nord-Pas-de-Calais,0.0,0.0,0,0,0.0
2209808,0,0.22,5,4,21,90,B3,Diesel,C,165,Bretagne,0.0,0.0,0,0,0.0
2288522,0,0.08,6,4,30,76,B2,Diesel,B,58,Rhone-Alpes,0.0,0.0,0,0,0.0
4143534,0,1.0,7,3,39,50,B6,Diesel,E,3688,Rhone-Alpes,0.0,0.0,0,0,0.0
4055738,0,0.46,4,2,52,50,B12,Diesel,D,1541,Languedoc-Roussillon,0.0,0.0,0,0,0.0
164373,0,1.0,6,3,42,50,B3,Diesel,D,549,Rhone-Alpes,0.0,0.0,0,0,0.0
3247633,0,0.08,5,7,27,68,B1,Diesel,E,3946,Rhone-Alpes,0.0,0.0,0,0,0.0
3124140,0,0.66,5,27,67,50,B2,Regular,C,335,Centre,0.0,0.0,0,0,0.0
2112478,0,0.16,7,3,40,53,B1,Regular,A,48,Centre,0.0,0.0,0,0,0.0
6087604,0,0.68,4,10,45,72,B1,Regular,E,2471,Ile-de-France,0.0,0.0,0,0,0.0
3037249,0,0.11,6,6,35,57,B12,Regular,C,132,Corse,0.0,0.0,0,0,0.0
5068319,0,0.58,5,0,55,50,B12,Regular,E,3744,Provence-Alpes-Cotes-D'Azur,0.0,0.0,0,0,0.0
4122251,0,1.0,5,6,27,64,B2,Regular,D,1313,Centre,0.0,0.0,0,0,0.0
2277840,0,0.49,7,13,42,72,B1,Regular,C,374,Provence-Alpes-Cotes-D'Azur,0.0,0.0,0,0,0.0
3085668,0,0.13,7,13,38,51,B11,Regular,E,3430,Rhone-Alpes,0.0,0.0,0,0,0.0
4146529,0,0.43,5,4,45,50,B2,Regular,C,102,Poitou-Charentes,0.0,0.0,0,0,0.0
1154095,0,0.37,6,3,27,56,B2,Diesel,E,2252,Rhone-Alpes,0.0,0.0,0,0,0.0
4185517,0,0.82,5,10,36,50,B6,Regular,C,405,Centre,0.0,0.0,0,0,0.0
2102598,0,0.9,4,18,59,50,B2,Regular,D,653,Rhone-Alpes,0.0,0.0,0,0,0.0
4011581,0,0.03,9,4,47,50,B12,Regular,B,88,Languedoc-Roussillon,0.0,0.0,0,0,0.0
149268,0,0.29,4,5,38,64,B11,Diesel,F,12750,Ile-de-France,0.0,0.0,0,0,0.0
67254,0,0.81,5,1,45,50,B2,Diesel,C,135,Provence-Alpes-Cotes-D'Azur,0.0,0.0,0,0,0.0
3249381,0,0.08,4,13,35,90,B5,Regular,C,132,Centre,0.0,0.0,0,0,0.0
2077716,0,1.0,6,8,55,50,B6,Regular,C,219,Provence-Alpes-Cotes-D'Azur,0.0,0.0,0,0,0.0
4036118,1,0.65,4,2,23,95,B12,Regular,E,5376,Ile-de-France,6403.42,6403.42,1,1,1.5384615384615383
2191258,0,0.51,7,18,48,72,B1,Diesel,E,3386,Bretagne,0.0,0.0,0,0,0.0
105629,0,0.03,5,14,26,60,B2,Regular,C,132,Aquitaine,0.0,0.0,0,0,0.0
4018976,0,0.09,12,1,39,62,B12,Diesel,D,1516,Aquitaine,0.0,0.0,0,0,0.0
2274204,0,0.08,5,3,37,50,B3,Diesel,C,224,Languedoc-Roussillon,0.0,0.0,0,0,0.0
1197548,0,0.33,6,13,33,53,B1,Regular,D,902,Nord-Pas-de-Calais,0.0,0.0,0,0,0.0
1189501,0,0.5,4,6,28,72,B11,Diesel,C,159,Languedoc-Roussillon,0.0,0.0,0,0,0.0
1116897,0,1.0,4,16,69,50,B1,Regular,B,65,Centre,0.0,0.0,0,0,0.0
5080230,0,0.15,10,10,33,50,B12,Regular,B,53,Aquitaine,0.0,0.0,0,0,0.0
4141861,0,1.0,4,15,39,50,B2,Regular,A,25,Bourgogne,0.0,0.0,0,0,0.0
4074418,0,0.78,4,2,26,100,B12,Regular,E,7590,Ile-de-France,0.0,0.0,0,0,0.0
1184048,0,0.98,7,15,28,80,B2,Regular,A,42,Midi-Pyrenees,0.0,0.0,0,0,0.0
4164519,0,0.35,6,1,31,76,B5,Regular,C,153,Poitou-Charentes,0.0,0.0,0,0,0.0
4184012,0,0.005464481,7,4,66,50,B1,Diesel,B,84,Bourgogne,0.0,0.0,0,0,0.0
4128848,0,1.0,8,14,55,50,B3,Diesel,A,48,Poitou-Charentes,0.0,0.0,0,0,0.0
151082,0,1.0,5,1,62,56,B4,Regular,C,359,Bretagne,0.0,0.0,0,0,0.0
3234470,0,0.24,11,3,37,57,B10,Diesel,C,104,Rhone-Alpes,0.0,0.0,0,0,0.0
2264053,0,0.5,5,10,51,50,B2,Regular,D,561,Rhone-Alpes,0.0,0.0,0,0,0.0
4131011,0,0.75,7,3,54,100,B1,Regular,E,4128,Pays-de-la-Loire,0.0,0.0,0,0,0.0
2085776,0,1.0,6,6,44,50,B2,Diesel,A,9,Centre,0.0,0.0,0,0,0.0
4062368,0,0.29,8,0,52,50,B12,Diesel,D,1287,Aquitaine,0.0,0.0,0,0,0.0
170437,1,0.41,10,4,66,50,B2,Regular,C,182,Centre,31617.92,31617.92,1,1,2.4390243902439024
6057353,0,0.27,10,2,49,50,B12,Regular,D,793,Languedoc-Roussillon,0.0,0.0,0,0,0.0
4179553,0,0.75,7,11,35,50,B2,Diesel,B,91,Centre,0.0,0.0,0,0,0.0
4143925,0,0.37,9,11,24,76,B1,Regular,C,467,Rhone-Alpes,0.0,0.0,0,0,0.0
1170208,0,1.0,4,6,73,50,B2,Regular,A,11,Centre,0.0,0.0,0,0,0.0
3241967,0,0.07,5,22,50,50,B5,Regular,D,851,Pays-de-la-Loire,0.0,0.0,0,0,0.0
4174191,0,0.9,8,3,47,50,B2,Diesel,A,41,Centre,0.0,0.0,0,0,0.0
3240103,0,0.16,5,7,37,60,B2,Regular,D,1629,Provence-Alpes-Cotes-D'Azur,0.0,0.0,0,0,0.0
3128820,0,1.0,5,16,41,50,B2,Diesel,C,214,Centre,0.0,0.0,0,0,0.0
2222834,0,0.08,7,12,30,85,B6,Diesel,D,677,Nord-Pas-de-Calais,0.0,0.0,0,0,0.0
1168166,0,0.56,7,14,31,76,B3,Regular,E,8455,Rhone-Alpes,0.0,0.0,0,0,0.0
4173468,0,0.07,12,15,52,50,B10,Diesel,C,101,Ile-de-France,0.0,0.0,0,0,0.0
1083465,0,0.06,4,13,68,50,B1,Regular,C,222,Centre,0.0,0.0,0,0,0.0
3045063,0,0.63,5,3,48,50,B12,Regular,D,1624,Midi-Pyrenees,0.0,0.0,0,0,0.0
150020,0,1.0,6,1,55,50,B2,Diesel,E,9307,Rhone-Alpes,0.0,0.0,0,0,0.0
2206180,0,0.37,7,2,34,50,B1,Diesel,B,67,Centre,0.0,0.0,0,0,0.0
3062257,0,0.58,6,7,46,57,B3,Regular,B,92,Basse-Normandie,0.0,0.0,0,0,0.0
3021213,0,0.95,7,2,57,50,B12,Diesel,B,93,Nord-Pas-de-Calais,0.0,0.0,0,0,0.0
75208,0,1.0,7,6,63,50,B2,Diesel,C,269,Ile-de-France,0.0,0.0,0,0,0.0
6080442,0,0.12,4,3,38,50,B12,Diesel,A,33,Corse,0.0,0.0,0,0,0.0
4025397,0,0.34,5,0,46,50,B12,Regular,C,139,Bretagne,0.0,0.0,0,0,0.0
2273488,0,0.08,5,2,40,68,B1,Diesel,D,1217,Rhone-Alpes,0.0,0.0,0,0,0.0
2284082,0,0.08,6,12,41,68,B1,Diesel,C,111,Midi-Pyrenees,0.0,0.0,0,0,0.0
1139756,1,0.03,5,10,59,85,B5,Diesel,E,9307,Rhone-Alpes,913.07,913.07,1,1,33.333333333333336
2289441,0,0.08,7,6,39,50,B2,Regular,D,1381,Rhone-Alpes,0.0,0.0,0,0,0.0
3178982,0,1.0,6,6,83,50,B2,Diesel,A,25,Centre,0.0,0.0,0,0,0.0
2273833,0,0.08,7,1,39,62,B1,Regular,F,12437,Ile-de-France,0.0,0.0,0,0,0.0
5061499,0,0.34,5,6,29,68,B3,Diesel,D,721,Provence-Alpes-Cotes-D'Azur,0.0,0.0,0,0,0.0
1038846,0,1.0,10,4,31,64,B5,Diesel,D,578,Rhone-Alpes,0.0,0.0,0,0,0.0
2256768,0,1.0,5,12,53,80,B3,Regular,F,27000,Ile-de-France,0.0,0.0,0,0,0.0
5028569,0,0.35,12,3,67,50,B12,Diesel,C,213,Poitou-Charentes,0.0,0.0,0,0,0.0
2146111,0,0.92,6,3,46,50,B1,Diesel,A,30,Centre,0.0,0.0,0,0,0.0
1153109,0,0.24,5,9,30,90,B2,Diesel,B,51,Pays-de-la-Loire,0.0,0.0,0,0,0.0
42067,0,0.68,5,4,39,95,B13,Diesel,D,644,Bretagne,0.0,0.0,0,0,0.0
2141288,0,0.4,5,11,48,70,B5,Diesel,E,5449,Rhone-Alpes,0.0,0.0,0,0,0.0
4137344,0,1.0,7,3,34,56,B2,Diesel,B,94,Centre,0.0,0.0,0,0,0.0
3250905,0,0.08,10,18,52,55,B3,Regular,E,6736,Ile-de-France,0.0,0.0,0,0,0.0
4031305,0,0.46,7,1,63,50,B12,Diesel,D,566,Provence-Alpes-Cotes-D'Azur,0.0,0.0,0,0,0.0
4040580,0,0.84,4,1,54,72,B12,Regular,D,512,Ile-de-France,0.0,0.0,0,0,0.0
163025,0,1.0,6,13,75,50,B2,Diesel,A,10,Centre,0.0,0.0,0,0,0.0
133687,0,0.49,7,3,71,72,B1,Regular,B,51,Centre,0.0,0.0,0,0,0.0
2215173,0,0.49,5,1,29,71,B2,Diesel,D,1011,Limousin,0.0,0.0,0,0,0.0
3121051,0,0.44,10,5,47,50,B12,Regular,C,394,Centre,0.0,0.0,0,0,0.0
3001610,0,0.2,6,2,27,76,B4,Diesel,D,1196,Picardie,0.0,0.0,0,0,0.0
1016512,0,0.01,10,0,70,55,B12,Regular,E,2620,Aquitaine,0.0,0.0,0,0,0.0
2010836,0,0.38,7,6,45,50,B13,Diesel,C,299,Nord-Pas-de-Calais,0.0,0.0,0,0,0.0
3146597,0,0.52,4,15,45,72,B5,Regular,D,1441,Provence-Alpes-Cotes-D'Azur,0.0,0.0,0,0,0.0
3183371,0,1.0,7,7,59,50,B1,Diesel,A,42,Pays-de-la-Loire,0.0,0.0,0,0,0.0
4151829,0,0.16,6,14,45,50,B1,Diesel,B,85,Midi-Pyrenees,0.0,0.0,0,0,0.0
1180157,0,1.0,5,10,48,50,B2,Diesel,B,97,Languedoc-Roussillon,0.0,0.0,0,0,0.0
1159263,0,1.0,8,11,39,50,B1,Regular,E,2715,Centre,0.0,0.0,0,0,0.0
4143542,0,0.31,6,9,31,50,B5,Regular,D,653,Rhone-Alpes,0.0,0.0,0,0,0.0
75381,0,0.25,8,4,67,50,B2,Diesel,C,303,Ile-de-France,0.0,0.0,0,0,0.0
1120938,0,0.81,7,9,54,50,B2,Diesel,B,50,Centre,0.0,0.0,0,0,0.0
6088259,0,0.65,8,1,53,50,B12,Diesel,E,5202,Ile-de-France,0.0,0.0,0,0,0.0
1185462,0,0.37,5,0,31,71,B2,Diesel,E,4348,Aquitaine,0.0,0.0,0,0,0.0
6085590,0,0.28,11,3,52,64,B12,Diesel,C,132,Ile-de-France,0.0,0.0,0,0,0.0
3252640,0,0.08,7,7,44,50,B1,Diesel,D,1217,Midi-Pyrenees,0.0,0.0,0,0,0.0
3150913,0,0.67,8,2,60,50,B2,Diesel,D,756,Bourgogne,0.0,0.0,0,0,0.0
2124547,1,0.41,7,15,76,50,B3,Regular,E,3430,Rhone-Alpes,2672.0,2672.0,1,1,2.4390243902439024
3132543,0,0.02,5,1,34,50,B1,Regular,E,3317,Provence-Alpes-Cotes-D'Azur,0.0,0.0,0,0,0.0
4185165,0,1.0,4,12,72,50,B2,Regular,A,14,Centre,0.0,0.0,0,0,0.0
3141461,0,0.09,13,4,54,58,B13,Regular,E,5449,Rhone-Alpes,0.0,0.0,0,0,0.0
178197,0,0.21,6,5,18,50,B2,Diesel,A,29,Centre,0.0,0.0,0,0,0.0
5092852,0,0.1,6,10,35,85,B2,Diesel,E,2983,Nord-Pas-de-Calais,0.0,0.0,0,0,0.0
1195888,0,0.08,6,7,40,51,B2,Diesel,C,182,Pays-de-la-Loire,0.0,0.0,0,0,0.0
4146913,1,0.24,5,4,47,50,B2,Diesel,C,298,Provence-Alpes-Cotes-D'Azur,1189.93,1189.93,1,1,4.166666666666667
4073781,0,0.33,8,4,53,50,B12,Regular,D,576,Rhone-Alpes,0.0,0.0,0,0,0.0
135711,0,0.75,7,2,32,67,B5,Regular,C,490,Pays-de-la-Loire,0.0,0.0,0,0,0.0
4126880,0,1.0,5,5,31,50,B3,Diesel,C,484,Rhone-Alpes,0.0,0.0,0,0,0.0
162091,0,0.32,4,3,56,60,B4,Diesel,B,74,Basse-Normandie,0.0,0.0,0,0,0.0
3163614,0,1.0,7,11,69,60,B2,Diesel,B,85,Haute-Normandie,0.0,0.0,0,0,0.0
6016338,0,0.21,8,5,40,50,B12,Diesel,D,916,Nord-Pas-de-Calais,0.0,0.0,0,0,0.0
139320,0,1.0,7,8,36,57,B2,Regular,D,1313,Centre,0.0,0.0,0,0,0.0
98986,0,0.18,7,0,36,71,B1,Diesel,D,1054,Centre,0.0,0.0,0,0,0.0
3108331,0,0.95,6,12,39,50,B1,Diesel,C,295,Centre,0.0,0.0,0,0,0.0
114326,0,0.05,6,6,42,50,B2,Regular,D,904,Rhone-Alpes,0.0,0.0,0,0,0.0
3022413,0,0.96,6,2,76,50,B12,Regular,D,962,Nord-Pas-de-Calais,0.0,0.0,0,0,0.0
5019972,0,0.04,8,1,53,50,B12,Regular,E,4762,Provence-Alpes-Cotes-D'Azur,0.0,0.0,0,0,0.0
5099582,0,0.06,4,0,24,80,B12,Diesel,C,125,Nord-Pas-de-Calais,0.0,0.0,0,0,0.0
2279070,0,0.08,10,17,39,50,B12,Regular,E,4059,Haute-Normandie,0.0,0.0,0,0,0.0
2053076,0,1.0,5,13,50,50,B2,Regular,D,636,Limousin,0.0,0.0,0,0,0.0
38388,0,0.11,6,14,25,90,B2,Diesel,B,50,Centre,0.0,0.0,0,0,0.0
3031366,0,0.47,11,0,44,50,B12,Diesel,E,3317,Provence-Alpes-Cotes-D'Azur,0.0,0.0,0,0,0.0
5027371,0,0.54,10,3,53,50,B12,Regular,F,27000,Ile-de-France,0.0,0.0,0,0,0.0
31106,1,0.1,6,12,23,80,B6,Regular,C,435,Poitou-Charentes,1128.12,1128.12,1,1,10.0
1093058,0,0.05,4,6,30,54,B2,Regular,B,57,Centre,0.0,0.0,0,0,0.0
2066236,0,0.21,5,17,32,64,B2,Regular,A,29,Pays-de-la-Loire,0.0,0.0,0,0,0.0
176708,1,1.0,10,8,43,50,B11,Diesel,A,12,Aquitaine,1128.12,1128.12,1,1,1.0
2136572,0,0.002739726,10,11,51,50,B2,Diesel,D,741,Centre,0.0,0.0,0,0,0.0
2255480,0,0.49,7,4,52,100,B2,Diesel,C,105,Languedoc-Roussillon,0.0,0.0,0,0,0.0
5053681,0,0.66,5,4,73,59,B12,Regular,B,87,Ile-de-France,0.0,0.0,0,0,0.0
3062274,0,0.33,10,11,33,50,B1,Regular,B,96,Basse-Normandie,0.0,0.0,0,0,0.0
3125360,0,0.15,6,15,48,50,B3,Regular,C,106,Rhone-Alpes,0.0,0.0,0,0,0.0
4176722,0,0.26,4,5,34,51,B1,Regular,E,3317,Provence-Alpes-Cotes-D'Azur,0.0,0.0,0,0,0.0
5078220,0,0.96,7,3,63,50,B12,Regular,E,5177,Ile-de-France,0.0,0.0,0,0,0.0
2134086,0,0.89,7,1,40,50,B4,Diesel,B,65,Poitou-Charentes,0.0,0.0,0,0,0.0
157905,0,0.34,7,15,27,68,B1,Regular,D,826,Poitou-Charentes,0.0,0.0,0,0,0.0
1037424,0,0.86,5,0,74,50,B2,Regular,A,35,Nord-Pas-de-Calais,0.0,0.0,0,0,0.0
3232623,0,0.24,4,18,40,69,B5,Diesel,E,3317,Provence-Alpes-Cotes-D'Azur,0.0,0.0,0,0,0.0
4030577,0,0.44,5,1,67,50,B12,Diesel,C,342,Provence-Alpes-Cotes-D'Azur,0.0,0.0,0,0,0.0
4152631,0,0.36,5,10,24,80,B1,Regular,D,821,Centre,0.0,0.0,0,0,0.0
137157,0,0.43,5,0,52,50,B2,Diesel,D,747,Bretagne,0.0,0.0,0,0,0.0
2020235,0,0.04,4,1,42,50,B12,Regular,C,170,Aquitaine,0.0,0.0,0,0,0.0
6058136,0,0.24,7,6,63,50,B12,Diesel,B,62,Bretagne,0.0,0.0,0,0,0.0
167237,0,1.0,5,9,41,50,B2,Diesel,B,94,Bretagne,0.0,0.0,0,0,0.0
2231572,0,0.11,6,16,41,76,B1,Diesel,E,4762,Provence-Alpes-Cotes-D'Azur,0.0,0.0,0,0,0.0
3245128,0,0.07,6,10,37,90,B1,Diesel,E,3317,Provence-Alpes-Cotes-D'Azur,0.0,0.0,0,0,0.0
4184064,0,0.37,5,2,46,50,B2,Regular,E,8549,Rhone-Alpes,0.0,0.0,0,0,0.0
4148174,0,1.0,7,3,42,50,B1,Diesel,E,3274,Ile-de-France,0.0,0.0,0,0,0.0
3007445,0,0.7,4,3,57,50,B12,Regular,C,197,Champagne-Ardenne,0.0,0.0,0,0,0.0
2152528,0,0.55,6,10,36,58,B14,Regular,A,32,Centre,0.0,0.0,0,0,0.0
3109031,0,0.95,6,7,31,57,B3,Regular,D,1347,Ile-de-France,0.0,0.0,0,0,0.0
4127125,0,0.48,6,12,78,50,B2,Diesel,D,568,Centre,0.0,0.0,0,0,0.0
4116587,0,1.0,6,16,56,50,B1,Regular,D,634,Bretagne,0.0,0.0,0,0,0.0
1004012,0,0.87,4,1,71,50,B12,Regular,E,5376,Ile-de-France,0.0,0.0,0,0,0.0
3075756,0,1.0,11,5,40,62,B11,Regular,D,1400,Provence-Alpes-Cotes-D'Azur,0.0,0.0,0,0,0.0
4166976,0,0.06,7,0,45,50,B12,Diesel,B,52,Bretagne,0.0,0.0,0,0,0.0
4174996,0,1.0,5,5,57,50,B2,Regular,E,9307,Rhone-Alpes,0.0,0.0,0,0,0.0
2116956,0,0.63,6,5,32,64,B2,Diesel,E,4128,Pays-de-la-Loire,0.0,0.0,0,0,0.0
2258712,0,0.24,6,8,33,81,B1,Diesel,E,3457,Rhone-Alpes,0.0,0.0,0,0,0.0
1049051,0,1.0,8,10,37,50,B12,Regular,C,109,Pays-de-la-Loire,0.0,0.0,0,0,0.0
2270273,0,0.08,7,16,27,73,B2,Regular,E,4649,Nord-Pas-de-Calais,0.0,0.0,0,0,0.0
3002121,0,0.2,6,3,63,50,B12,Regular,A,22,Poitou-Charentes,0.0,0.0,0,0,0.0
2211242,0,0.25,6,15,53,50,B2,Regular,C,115,Pays-de-la-Loire,0.0,0.0,0,0,0.0
1160241,0,1.0,7,13,48,63,B2,Diesel,C,150,Rhone-Alpes,0.0,0.0,0,0,0.0
75002,0,0.61,6,0,63,50,B1,Regular,D,1002,Nord-Pas-de-Calais,0.0,0.0,0,0,0.0
5076818,0,0.43,4,2,55,50,B12,Regular,E,4128,Pays-de-la-Loire,0.0,0.0,0,0,0.0
4063323,0,0.18,7,4,46,50,B12,Diesel,C,101,Midi-Pyrenees,0.0,0.0,0,0,0.0
3240297,0,0.16,7,8,40,100,B1,Diesel,E,3317,Provence-Alpes-Cotes-D'Azur,0.0,0.0,0,0,0.0
4033565,0,0.54,4,1,41,50,B12,Regular,A,40,Midi-Pyrenees,0.0,0.0,0,0,0.0
1132477,0,1.0,6,5,36,50,B2,Regular,A,33,Basse-Normandie,0.0,0.0,0,0,0.0
1064557,0,0.21,10,19,67,85,B10,Diesel,D,1704,Rhone-Alpes,0.0,0.0,0,0,0.0
2194827,0,0.19,6,11,44,50,B1,Diesel,A,50,Bretagne,0.0,0.0,0,0,0.0
4148179,0,0.22,6,17,84,50,B2,Regular,D,1064,Centre,0.0,0.0,0,0,0.0
4187669,0,0.66,6,5,55,50,B2,Regular,B,73,Centre,0.0,0.0,0,0,0.0
6059190,0,0.2,4,2,61,50,B12,Diesel,E,4998,Ile-de-France,0.0,0.0,0,0,0.0
3157382,0,0.92,5,4,76,55,B2,Regular,A,34,Centre,0.0,0.0,0,0,0.0
4164601,0,0.3,7,9,60,50,B2,Diesel,D,562,Poitou-Charentes,0.0,0.0,0,0,0.0
147479,0,1.0,4,9,45,50,B2,Regular,A,16,Centre,0.0,0.0,0,0,0.0
1111294,0,0.62,7,8,31,64,B11,Diesel,E,9307,Rhone-Alpes,0.0,0.0,0,0,0.0
1006149,0,0.54,5,1,49,50,B12,Regular,E,4762,Provence-Alpes-Cotes-D'Azur,0.0,0.0,0,0,0.0
159722,0,0.27,4,9,24,132,B6,Regular,D,821,Centre,0.0,0.0,0,0,0.0
6097023,0,0.33,7,4,25,112,B6,Diesel,A,5,Corse,0.0,0.0,0,0,0.0
3102235,0,1.0,6,9,25,72,B2,Diesel,C,182,Centre,0.0,0.0,0,0,0.0
3246293,0,0.15,7,9,36,51,B2,Diesel,A,44,Provence-Alpes-Cotes-D'Azur,0.0,0.0,0,0,0.0
4166628,0,0.02,7,19,38,51,B2,Diesel,B,91,Centre,0.0,0.0,0,0,0.0
152574,0,0.53,7,16,33,57,B1,Regular,E,4116,Centre,0.0,0.0,0,0,0.0
6092898,1,0.45,7,10,29,106,B11,Diesel,D,567,Nord-Pas-de-Calais,2808.15,2808.15,1,1,2.2222222222222223
69518,0,1.0,5,15,47,50,B1,Regular,C,219,Languedoc-Roussillon,0.0,0.0,0,0,0.0
6080626,0,0.2,9,8,63,50,B13,Regular,D,875,Provence-Alpes-Cotes-D'Azur,0.0,0.0,0,0,0.0
2246529,0,0.26,7,3,36,50,B5,Regular,C,301,Midi-Pyrenees,0.0,0.0,0,0,0.0
3196500,0,1.0,4,12,52,54,B2,Regular,C,399,Centre,0.0,0.0,0,0,0.0
53318,0,0.27,7,1,33,72,B1,Regular,C,405,Centre,0.0,0.0,0,0,0.0
4085936,0,0.71,5,1,55,60,B12,Diesel,D,1955,Corse,0.0,0.0,0,0,0.0
6014709,0,0.05,8,0,68,50,B12,Diesel,D,1787,Nord-Pas-de-Calais,0.0,0.0,0,0,0.0
4130719,0,1.0,11,31,47,50,B6,Regular,D,517,Nord-Pas-de-Calais,0.0,0.0,0,0,0.0
2067685,1,0.95,7,0,72,50,B2,Regular,C,126,Pays-de-la-Loire,1172.0,1172.0,1,1,1.0526315789473684
173664,0,1.0,8,12,42,50,B11,Regular,A,17,Centre,0.0,0.0,0,0,0.0
6025003,0,0.19,7,8,32,76,B6,Regular,C,243,Ile-de-France,0.0,0.0,0,0,0.0
1036679,0,1.0,5,3,47,50,B1,Regular,D,1296,Centre,0.0,0.0,0,0,0.0
2184646,0,0.74,9,11,50,50,B10,Diesel,C,405,Centre,0.0,0.0,0,0,0.0
4155621,0,1.0,6,3,29,64,B2,Diesel,D,853,Ile-de-France,0.0,0.0,0,0,0.0
1113677,1,0.08,6,13,20,100,B1,Diesel,D,634,Bretagne,864.24,864.24,1,1,12.5
4181653,0,0.31,4,13,48,50,B2,Diesel,B,72,Centre,0.0,0.0,0,0,0.0
2022819,0,0.94,7,7,31,100,B5,Regular,E,4998,Ile-de-France,0.0,0.0,0,0,0.0
5101680,0,0.11,4,0,45,54,B12,Regular,E,2178,Ile-de-France,0.0,0.0,0,0,0.0
3083619,0,1.0,4,13,64,50,B14,Regular,D,1508,Rhone-Alpes,0.0,0.0,0,0,0.0
1014061,0,0.02,7,0,63,50,B12,Regular,C,377,Provence-Alpes-Cotes-D'Azur,0.0,0.0,0,0,0.0
2216673,0,0.08,6,13,39,50,B1,Diesel,D,1812,Ile-de-France,0.0,0.0,0,0,0.0
3059125,0,1.0,6,8,37,50,B2,Diesel,E,4116,Centre,0.0,0.0,0,0,0.0
119791,0,0.15,6,6,31,100,B5,Regular,D,943,Ile-de-France,0.0,0.0,0,0,0.0
4047451,0,0.05,4,0,44,50,B12,Regular,E,4762,Provence-Alpes-Cotes-D'Azur,0.0,0.0,0,0,0.0
173420,0,0.78,5,6,22,80,B3,Diesel,D,1329,Ile-de-France,0.0,0.0,0,0,0.0
2080850,0,0.92,5,3,56,50,B3,Diesel,C,204,Pays-de-la-Loire,0.0,0.0,0,0,0.0
3252116,0,0.08,7,10,54,50,B1,Regular,C,171,Provence-Alpes-Cotes-D'Azur,0.0,0.0,0,0,0.0
2056404,0,0.89,7,13,29,57,B11,Diesel,B,75,Bourgogne,0.0,0.0,0,0,0.0
4123023,0,0.83,6,12,75,50,B2,Diesel,C,182,Centre,0.0,0.0,0,0,0.0
3003371,0,0.51,11,9,44,72,B1,Regular,B,54,Rhone-Alpes,0.0,0.0,0,0,0.0
1003568,0,0.87,7,8,53,50,B12,Diesel,D,1417,Basse-Normandie,0.0,0.0,0,0,0.0
2049413,0,1.0,5,8,47,50,B3,Diesel,B,66,Centre,0.0,0.0,0,0,0.0
1176048,0,1.0,6,4,43,50,B4,Regular,E,3075,Aquitaine,0.0,0.0,0,0,0.0
126078,0,1.0,6,21,72,50,B1,Regular,A,13,Centre,0.0,0.0,0,0,0.0
1039263,0,0.16,6,5,46,54,B1,Diesel,D,782,Ile-de-France,0.0,0.0,0,0,0.0
4116217,0,1.0,8,15,50,50,B1,Regular,C,295,Pays-de-la-Loire,0.0,0.0,0,0,0.0
144983,0,0.26,6,9,29,64,B1,Diesel,D,881,Poitou-Charentes,0.0,0.0,0,0,0.0
4144468,0,0.46,6,14,60,50,B1,Diesel,B,86,Centre,0.0,0.0,0,0,0.0
3193990,0,0.08,6,14,51,50,B1,Regular,A,14,Centre,0.0,0.0,0,0,0.0
3044174,0,0.04,10,0,40,60,B12,Regular,F,27000,Ile-de-France,0.0,0.0,0,0,0.0
3177789,0,0.24,6,10,54,50,B3,Diesel,E,2694,Poitou-Charentes,0.0,0.0,0,0,0.0
4125613,0,0.02,4,0,31,50,B1,Diesel,B,52,Centre,0.0,0.0,0,0,0.0
4052845,0,0.07,7,0,47,50,B11,Regular,D,543,Languedoc-Roussillon,0.0,0.0,0,0,0.0
3021745,0,0.04,6,2,54,50,B12,Regular,C,273,Aquitaine,0.0,0.0,0,0,0.0
1164331,0,0.87,6,13,33,50,B12,Regular,C,473,Bretagne,0.0,0.0,0,0,0.0
2226512,0,0.33,5,3,56,50,B2,Regular,E,3963,Languedoc-Roussillon,0.0,0.0,0,0,0.0
4070243,0,0.24,7,1,31,63,B12,Diesel,C,323,Picardie,0.0,0.0,0,0,0.0
1078800,0,0.58,4,9,33,50,B2,Diesel,B,57,Bretagne,0.0,0.0,0,0,0.0
5098090,0,0.45,7,0,48,50,B12,Diesel,D,1381,Rhone-Alpes,0.0,0.0,0,0,0.0
2126531,0,0.51,6,3,48,50,B2,Diesel,A,41,Centre,0.0,0.0,0,0,0.0
155003,1,0.4,7,17,42,50,B2,Regular,C,102,Centre,1128.12,1128.12,1,1,2.5
2088886,0,1.0,7,2,63,50,B12,Regular,C,269,Poitou-Charentes,0.0,0.0,0,0,0.0
5782,1,0.06,6,0,51,50,B12,Regular,A,41,Aquitaine,0.0,0.0,0,1,16.666666666666668
2209436,0,0.36,5,4,47,50,B2,Diesel,C,287,Bretagne,0.0,0.0,0,0,0.0
4177911,0,1.0,6,14,72,50,B1,Regular,C,229,Bretagne,0.0,0.0,0,0,0.0
140711,0,0.21,6,9,36,67,B1,Diesel,C,153,Bretagne,0.0,0.0,0,0,0.0
2111115,0,0.95,5,8,54,54,B5,Diesel,B,98,Bretagne,0.0,0.0,0,0,0.0
73471,0,0.49,10,7,32,60,B13,Diesel,D,1974,Poitou-Charentes,0.0,0.0,0,0,0.0
4165032,0,0.52,7,24,62,50,B4,Regular,C,149,Centre,0.0,0.0,0,0,0.0
79764,0,1.0,6,10,70,76,B3,Diesel,B,53,Centre,0.0,0.0,0,0,0.0
3170950,0,0.19,5,3,57,50,B3,Diesel,E,8455,Rhone-Alpes,0.0,0.0,0,0,0.0
158827,0,1.0,4,13,25,85,B1,Diesel,A,14,Centre,0.0,0.0,0,0,0.0
4164772,0,0.74,7,11,52,85,B5,Regular,D,1054,Centre,0.0,0.0,0,0,0.0
3163289,0,0.97,6,12,35,90,B3,Diesel,B,57,Centre,0.0,0.0,0,0,0.0
4171049,0,0.32,8,2,61,50,B3,Diesel,D,1313,Centre,0.0,0.0,0,0,0.0
2193814,0,0.3,7,12,39,80,B1,Regular,D,745,Rhone-Alpes,0.0,0.0,0,0,0.0
6107899,0,0.03,8,3,49,50,B12,Diesel,D,1329,Ile-de-France,0.0,0.0,0,0,0.0
2078515,0,1.0,4,14,52,50,B1,Regular,E,2740,Picardie,0.0,0.0,0,0,0.0
3034262,0,0.04,4,0,31,112,B12,Diesel,E,2120,Midi-Pyrenees,0.0,0.0,0,0,0.0
2001912,0,0.8,4,2,38,54,B12,Regular,E,3301,Midi-Pyrenees,0.0,0.0,0,0,0.0
2107816,0,0.11,5,21,31,100,B3,Diesel,D,886,Poitou-Charentes,0.0,0.0,0,0,0.0
3244274,0,0.07,7,12,41,60,B2,Diesel,E,2575,Pays-de-la-Loire,0.0,0.0,0,0,0.0
1028388,0,0.19,7,15,36,72,B10,Regular,D,566,Provence-Alpes-Cotes-D'Azur,0.0,0.0,0,0,0.0
3192494,0,1.0,9,9,35,50,B1,Regular,C,155,Centre,0.0,0.0,0,0,0.0
2280994,0,0.66,11,16,40,61,B1,Diesel,C,458,Provence-Alpes-Cotes-D'Azur,0.0,0.0,0,0,0.0
4120005,1,1.0,7,7,78,50,B2,Regular,C,229,Bretagne,1204.0,1204.0,1,1,1.0
2120795,0,1.0,6,2,35,50,B1,Diesel,C,431,Bretagne,0.0,0.0,0,0,0.0
1023326,0,1.0,4,6,57,50,B6,Regular,C,461,Bretagne,0.0,0.0,0,0,0.0
4131888,0,0.03,6,15,49,50,B1,Diesel,D,1054,Centre,0.0,0.0,0,0,0.0
2072378,0,0.83,5,5,55,50,B5,Regular,C,125,Bretagne,0.0,0.0,0,0,0.0
1129792,0,0.41,4,2,41,50,B1,Regular,D,1314,Centre,0.0,0.0,0,0,0.0
74618,0,0.4,6,4,47,50,B1,Diesel,C,262,Nord-Pas-de-Calais,0.0,0.0,0,0,0.0
2027406,1,0.59,10,0,56,50,B12,Regular,F,10155,Ile-de-France,1172.0,1172.0,1,1,1.6949152542372883
5010008,0,0.12,4,15,32,76,B1,Regular,D,902,Nord-Pas-de-Calais,0.0,0.0,0,0,0.0
53034,0,0.06,10,12,22,85,B4,Regular,C,405,Centre,0.0,0.0,0,0,0.0
2281040,0,0.5,5,5,32,78,B2,Diesel,D,1064,Provence-Alpes-Cotes-D'Azur,0.0,0.0,0,0,0.0
3172842,0,0.6,4,10,40,50,B4,Regular,B,82,Centre,0.0,0.0,0,0,0.0
1198110,0,0.53,5,0,34,64,B5,Diesel,D,1541,Languedoc-Roussillon,0.0,0.0,0,0,0.0
2010956,0,0.96,4,1,58,50,B12,Regular,F,23396,Ile-de-France,0.0,0.0,0,0,0.0
1160316,0,1.0,7,13,30,54,B1,Regular,A,21,Bourgogne,0.0,0.0,0,0,0.0
4124232,0,1.0,9,10,44,68,B2,Regular,D,1962,Rhone-Alpes,0.0,0.0,0,0,0.0
5073061,0,0.7,7,3,44,51,B12,Diesel,E,4939,Ile-de-France,0.0,0.0,0,0,0.0
3177961,0,1.0,5,4,66,50,B5,Diesel,C,244,Rhone-Alpes,0.0,0.0,0,0,0.0
66488,0,1.0,7,11,34,50,B1,Regular,D,611,Provence-Alpes-Cotes-D'Azur,0.0,0.0,0,0,0.0
3100738,0,1.0,7,16,49,57,B2,Regular,E,3688,Rhone-Alpes,0.0,0.0,0,0,0.0
6024593,0,0.28,8,4,59,50,B12,Diesel,C,358,Midi-Pyrenees,0.0,0.0,0,0,0.0
3033182,0,0.23,4,3,57,50,B12,Regular,D,510,Provence-Alpes-Cotes-D'Azur,0.0,0.0,0,0,0.0
4173491,0,1.0,7,6,46,50,B12,Diesel,C,108,Rhone-Alpes,0.0,0.0,0,0,0.0
143902,0,1.0,6,2,35,50,B2,Diesel,A,31,Centre,0.0,0.0,0,0,0.0
1020056,0,0.33,6,5,46,50,B1,Diesel,C,298,Centre,0.0,0.0,0,0,0.0
53274,0,0.36,7,14,32,71,B2,Regular,C,405,Centre,0.0,0.0,0,0,0.0
2145781,0,0.24,6,3,76,50,B1,Diesel,A,10,Centre,0.0,0.0,0,0,0.0
2202050,0,1.0,7,4,45,50,B1,Regular,B,99,Bretagne,0.0,0.0,0,0,0.0
3238507,0,0.08,4,15,39,80,B2,Regular,D,581,Rhone-Alpes,0.0,0.0,0,0,0.0
103381,0,0.53,5,3,34,54,B6,Regular,D,1443,Ile-de-France,0.0,0.0,0,0,0.0
4142096,0,1.0,5,8,52,68,B1,Diesel,C,209,Rhone-Alpes,0.0,0.0,0,0,0.0
2267672,0,0.5,8,10,27,68,B3,Regular,B,59,Provence-Alpes-Cotes-D'Azur,0.0,0.0,0,0,0.0
5045799,0,0.05,6,1,70,80,B12,Diesel,C,296,Rhone-Alpes,0.0,0.0,0,0,0.0
5094725,0,0.6,8,0,67,50,B12,Diesel,A,41,Corse,0.0,0.0,0,0,0.0
3200017,0,0.66,7,9,42,50,B3,Regular,C,149,Centre,0.0,0.0,0,0,0.0
1090210,0,0.46,10,3,31,51,B12,Diesel,C,403,Poitou-Charentes,0.0,0.0,0,0,0.0
6103326,0,0.15,5,1,29,76,B4,Regular,D,853,Ile-de-France,0.0,0.0,0,0,0.0
5098306,0,0.12,11,0,33,50,B12,Diesel,C,127,Aquitaine,0.0,0.0,0,0,0.0
2286312,0,0.58,5,2,65,68,B2,Diesel,C,173,Provence-Alpes-Cotes-D'Azur,0.0,0.0,0,0,0.0
3026531,0,0.28,7,1,73,60,B12,Regular,E,3301,Midi-Pyrenees,0.0,0.0,0,0,0.0
3196502,0,1.0,7,11,41,54,B6,Regular,E,4172,Rhone-Alpes,0.0,0.0,0,0,0.0
5083758,0,0.6,7,4,41,50,B1,Diesel,E,3490,Nord-Pas-de-Calais,0.0,0.0,0,0,0.0
1163787,0,1.0,7,9,41,50,B1,Regular,A,11,Centre,0.0,0.0,0,0,0.0
2180932,0,1.0,9,14,53,50,B10,Regular,D,983,Pays-de-la-Loire,0.0,0.0,0,0,0.0
2010534,0,0.96,4,2,51,62,B12,Regular,A,31,Corse,0.0,0.0,0,0,0.0
147244,0,0.11,7,14,32,54,B1,Regular,C,167,Centre,0.0,0.0,0,0,0.0
4078115,0,0.87,6,1,36,50,B12,Diesel,A,29,Pays-de-la-Loire,0.0,0.0,0,0,0.0
4158208,0,0.07,6,8,35,76,B3,Regular,D,1054,Centre,0.0,0.0,0,0,0.0
5021549,0,0.12,4,6,29,68,B12,Regular,E,9307,Rhone-Alpes,0.0,0.0,0,0,0.0
4054254,0,0.62,7,0,36,100,B12,Diesel,E,2927,Aquitaine,0.0,0.0,0,0,0.0
6071622,0,0.61,5,4,30,80,B12,Diesel,C,119,Haute-Normandie,0.0,0.0,0,0,0.0
4183434,0,0.02,4,3,29,85,B3,Diesel,D,1313,Centre,0.0,0.0,0,0,0.0
4148042,1,1.0,7,4,40,50,B1,Regular,E,3055,Ile-de-France,399.09,399.09,1,1,1.0
34054,0,0.14,6,13,32,76,B3,Diesel,D,657,Poitou-Charentes,0.0,0.0,0,0,0.0
1193055,0,0.49,6,7,35,76,B4,Regular,D,1448,Provence-Alpes-Cotes-D'Azur,0.0,0.0,0,0,0.0
1131022,0,0.2,4,17,24,50,B1,Regular,A,30,Centre,0.0,0.0,0,0,0.0
2205323,0,1.0,6,13,45,63,B13,Regular,D,634,Bretagne,0.0,0.0,0,0,0.0
4144173,0,0.73,6,14,61,50,B1,Diesel,B,94,Auvergne,0.0,0.0,0,0,0.0
3064646,0,1.0,7,15,43,56,B2,Regular,E,3688,Rhone-Alpes,0.0,0.0,0,0,0.0
1112568,0,0.07,4,12,61,50,B6,Regular,C,206,Rhone-Alpes,0.0,0.0,0,0,0.0
2218015,0,0.08,7,13,51,50,B1,Diesel,C,218,Centre,0.0,0.0,0,0,0.0
1176477,0,1.0,4,12,52,50,B2,Regular,C,399,Centre,0.0,0.0,0,0,0.0
54959,0,0.6,7,1,48,50,B3,Diesel,B,91,Centre,0.0,0.0,0,0,0.0
2087884,0,1.0,8,1,49,50,B3,Diesel,A,18,Centre,0.0,0.0,0,0,0.0
2020864,0,0.04,7,1,55,54,B12,Diesel,D,604,Nord-Pas-de-Calais,0.0,0.0,0,0,0.0
3136556,0,0.76,9,4,53,50,B1,Diesel,C,115,Centre,0.0,0.0,0,0,0.0
4142757,0,1.0,5,9,42,54,B4,Diesel,C,131,Centre,0.0,0.0,0,0,0.0
4029092,0,0.01,5,2,25,72,B2,Diesel,C,271,Languedoc-Roussillon,0.0,0.0,0,0,0.0
6034303,0,0.54,4,3,31,57,B12,Diesel,D,1314,Centre,0.0,0.0,0,0,0.0
4065349,0,0.16,7,0,47,76,B12,Diesel,D,1130,Picardie,0.0,0.0,0,0,0.0
34334,0,1.0,7,14,43,50,B2,Diesel,C,393,Centre,0.0,0.0,0,0,0.0
2106015,0,1.0,7,8,40,50,B12,Regular,C,298,Centre,0.0,0.0,0,0,0.0
2089883,0,0.07,8,0,35,64,B6,Regular,E,3541,Pays-de-la-Loire,0.0,0.0,0,0,0.0
3049280,0,1.0,6,4,78,50,B2,Regular,B,94,Bretagne,0.0,0.0,0,0,0.0
3152705,0,0.72,9,1,32,50,B2,Diesel,C,196,Basse-Normandie,0.0,0.0,0,0,0.0
2192022,0,0.12,6,8,30,76,B2,Diesel,A,14,Centre,0.0,0.0,0,0,0.0
4150772,0,1.0,10,9,44,50,B5,Diesel,A,21,Centre,0.0,0.0,0,0,0.0
3054907,0,1.0,6,15,73,50,B1,Regular,C,153,Pays-de-la-Loire,0.0,0.0,0,0,0.0
6104829,0,0.74,6,4,43,50,B3,Diesel,A,28,Ile-de-France,0.0,0.0,0,0,0.0
3049052,0,1.0,7,14,52,50,B1,Regular,C,203,Centre,0.0,0.0,0,0,0.0
3015354,0,0.63,11,6,43,50,B12,Regular,C,209,Rhone-Alpes,0.0,0.0,0,0,0.0
4155406,0,0.57,5,8,53,50,B2,Regular,A,25,Centre,0.0,0.0,0,0,0.0
5008396,0,0.04,5,5,68,50,B12,Regular,C,155,Languedoc-Roussillon,0.0,0.0,0,0,0.0
2225638,0,0.08,6,8,61,76,B1,Diesel,C,150,Languedoc-Roussillon,0.0,0.0,0,0,0.0
2287084,0,0.08,5,10,33,68,B2,Regular,D,709,Provence-Alpes-Cotes-D'Azur,0.0,0.0,0,0,0.0
67510,0,0.95,7,8,65,50,B12,Regular,C,426,Languedoc-Roussillon,0.0,0.0,0,0,0.0
4160199,0,1.0,7,2,55,50,B2,Diesel,B,81,Centre,0.0,0.0,0,0,0.0
4162578,0,0.18,6,12,50,50,B2,Diesel,B,50,Basse-Normandie,0.0,0.0,0,0,0.0
2281112,0,0.5,6,1,45,50,B4,Diesel,C,332,Rhone-Alpes,0.0,0.0,0,0,0.0
90566,0,0.08,7,13,59,100,B2,Regular,C,227,Poitou-Charentes,0.0,0.0,0,0,0.0
3150826,1,0.17,5,9,49,50,B2,Diesel,C,170,Centre,78.16,78.16,1,1,5.88235294117647
5050568,0,0.75,15,1,73,50,B12,Regular,E,3317,Provence-Alpes-Cotes-D'Azur,0.0,0.0,0,0,0.0
3237129,0,0.08,9,9,29,72,B1,Regular,D,1403,Provence-Alpes-Cotes-D'Azur,0.0,0.0,0,0,0.0
3022939,0,0.03,10,1,54,50,B12,Regular,A,43,Nord-Pas-de-Calais,0.0,0.0,0,0,0.0
3237978,0,0.08,7,15,47,50,B12,Diesel,E,4348,Aquitaine,0.0,0.0,0,0,0.0
4150834,0,1.0,7,6,73,50,B2,Regular,B,50,Centre,0.0,0.0,0,0,0.0
1083308,0,1.0,5,5,64,50,B6,Regular,E,3317,Provence-Alpes-Cotes-D'Azur,0.0,0.0,0,0,0.0
5091502,0,0.69,11,0,52,50,B12,Diesel,C,277,Aquitaine,0.0,0.0,0,0,0.0
2274122,0,0.08,7,10,20,95,B1,Diesel,B,99,Languedoc-Roussillon,0.0,0.0,0,0,0.0
1034119,0,1.0,4,17,53,61,B4,Regular,D,881,Poitou-Charentes,0.0,0.0,0,0,0.0
2184179,0,0.76,6,4,43,50,B4,Regular,A,22,Centre,0.0,0.0,0,0,0.0
1167903,0,0.54,10,14,32,50,B2,Diesel,C,222,Centre,0.0,0.0,0,0,0.0
4043586,0,0.03,6,1,58,50,B12,Diesel,C,159,Languedoc-Roussillon,0.0,0.0,0,0,0.0
1175187,0,0.07,5,3,40,50,B2,Diesel,E,3258,Ile-de-France,0.0,0.0,0,0,0.0
99790,0,0.06,4,16,19,100,B2,Regular,D,1629,Provence-Alpes-Cotes-D'Azur,0.0,0.0,0,0,0.0
2189008,1,1.0,4,10,82,50,B4,Diesel,E,2103,Basse-Normandie,1172.0,1172.0,1,1,1.0
2276265,0,0.75,9,17,41,50,B13,Regular,D,1895,Nord-Pas-de-Calais,0.0,0.0,0,0,0.0
30946,0,0.09,5,0,30,50,B2,Diesel,B,57,Centre,0.0,0.0,0,0,0.0
76197,0,1.0,7,1,37,50,B4,Regular,A,49,Rhone-Alpes,0.0,0.0,0,0,0.0
1107608,0,0.38,7,0,55,58,B5,Regular,C,133,Rhone-Alpes,0.0,0.0,0,0,0.0
4186604,0,0.74,6,10,73,50,B1,Diesel,B,91,Centre,0.0,0.0,0,0,0.0
3238685,0,0.08,6,6,49,50,B12,Regular,E,3317,Provence-Alpes-Cotes-D'Azur,0.0,0.0,0,0,0.0
2183598,0,1.0,5,8,53,50,B5,Diesel,E,4172,Rhone-Alpes,0.0,0.0,0,0,0.0
4071209,0,0.46,4,2,59,50,B12,Diesel,C,486,Auvergne,0.0,0.0,0,0,0.0
1018367,0,0.49,5,5,80,50,B3,Diesel,B,67,Centre,0.0,0.0,0,0,0.0
1108596,0,0.98,7,5,49,59,B5,Regular,E,4116,Centre,0.0,0.0,0,0,0.0
4017197,0,0.23,10,7,30,80,B10,Regular,C,162,Provence-Alpes-Cotes-D'Azur,0.0,0.0,0,0,0.0
5090562,0,0.81,6,6,28,95,B12,Regular,E,3301,Midi-Pyrenees,0.0,0.0,0,0,0.0
2136700,0,0.34,5,3,64,50,B2,Regular,E,4116,Centre,0.0,0.0,0,0,0.0
2097759,0,0.32,8,1,29,54,B11,Regular,B,72,Centre,0.0,0.0,0,0,0.0
1168941,0,1.0,9,14,46,67,B10,Diesel,E,4116,Centre,0.0,0.0,0,0,0.0
2268205,0,0.96,7,9,20,100,B1,Diesel,D,1326,Provence-Alpes-Cotes-D'Azur,0.0,0.0,0,0,0.0
173464,0,1.0,5,2,59,50,B1,Diesel,C,105,Centre,0.0,0.0,0,0,0.0
3235859,0,0.08,5,14,49,50,B2,Diesel,D,573,Rhone-Alpes,0.0,0.0,0,0,0.0
26471,0,1.0,5,4,48,50,B2,Regular,A,40,Pays-de-la-Loire,0.0,0.0,0,0,0.0
2270978,0,0.83,5,14,29,90,B2,Diesel,E,2120,Midi-Pyrenees,0.0,0.0,0,0,0.0
1014785,0,0.01,4,0,51,60,B12,Regular,D,1326,Provence-Alpes-Cotes-D'Azur,0.0,0.0,0,0,0.0
2163002,0,0.23,7,6,55,68,B1,Diesel,A,40,Centre,0.0,0.0,0,0,0.0
2022402,0,0.04,10,1,72,50,B12,Regular,B,92,Bourgogne,0.0,0.0,0,0,0.0
2186220,0,1.0,9,25,74,50,B6,Regular,F,27000,Ile-de-France,0.0,0.0,0,0,0.0
4184027,0,0.07,4,2,26,74,B6,Diesel,C,220,Centre,0.0,0.0,0,0,0.0
6099462,0,0.24,8,1,24,80,B12,Regular,F,27000,Ile-de-France,0.0,0.0,0,0,0.0
2184503,0,0.49,5,2,76,50,B1,Diesel,A,12,Centre,0.0,0.0,0,0,0.0
3167933,0,0.16,12,2,24,69,B12,Diesel,A,48,Auvergne,0.0,0.0,0,0,0.0
2087873,0,0.74,4,14,25,76,B4,Diesel,A,31,Centre,0.0,0.0,0,0,0.0
1098434,0,1.0,6,13,45,50,B6,Regular,C,368,Rhone-Alpes,0.0,0.0,0,0,0.0
4006333,0,0.14,4,0,52,50,B12,Diesel,E,2041,Provence-Alpes-Cotes-D'Azur,0.0,0.0,0,0,0.0
2124729,0,0.4,10,1,48,62,B13,Regular,E,4646,Rhone-Alpes,0.0,0.0,0,0,0.0
1044156,0,0.22,7,5,33,90,B4,Regular,D,741,Centre,0.0,0.0,0,0,0.0
1109862,0,0.47,4,13,20,125,B1,Diesel,A,34,Bretagne,0.0,0.0,0,0,0.0
4164738,0,0.31,4,9,39,95,B1,Regular,D,1054,Centre,0.0,0.0,0,0,0.0
2216177,0,0.27,7,9,54,50,B2,Diesel,C,254,Nord-Pas-de-Calais,0.0,0.0,0,0,0.0
3210009,0,0.94,6,14,46,50,B1,Regular,D,1165,Bretagne,0.0,0.0,0,0,0.0
2134231,0,0.42,7,0,34,50,B3,Diesel,F,15703,Ile-de-France,0.0,0.0,0,0,0.0
2213818,0,0.08,10,3,38,68,B11,Regular,E,3317,Provence-Alpes-Cotes-D'Azur,0.0,0.0,0,0,0.0
1034100,0,0.05,7,7,54,50,B5,Diesel,D,983,Pays-de-la-Loire,0.0,0.0,0,0,0.0
6057131,0,0.47,6,2,54,50,B12,Regular,C,158,Rhone-Alpes,0.0,0.0,0,0,0.0
4062268,0,0.3,4,0,27,72,B12,Regular,D,1385,Bretagne,0.0,0.0,0,0,0.0
60394,0,1.0,9,9,54,50,B1,Regular,C,142,Aquitaine,0.0,0.0,0,0,0.0
3167735,0,0.75,6,1,61,50,B2,Diesel,A,12,Centre,0.0,0.0,0,0,0.0
3044000,0,0.05,6,0,31,68,B12,Regular,C,476,Poitou-Charentes,0.0,0.0,0,0,0.0
4116092,0,0.81,4,10,55,50,B11,Diesel,B,80,Basse-Normandie,0.0,0.0,0,0,0.0
2013919,0,0.28,15,1,76,52,B12,Regular,C,251,Bourgogne,0.0,0.0,0,0,0.0
1046247,0,0.16,6,7,67,62,B2,Diesel,D,586,Nord-Pas-de-Calais,0.0,0.0,0,0,0.0
4031771,0,0.01,7,3,44,50,B12,Diesel,E,3834,Ile-de-France,0.0,0.0,0,0,0.0
2197633,0,1.0,6,3,53,50,B3,Regular,C,214,Bourgogne,0.0,0.0,0,0,0.0
39459,0,1.0,4,10,65,50,B4,Diesel,C,101,Centre,0.0,0.0,0,0,0.0
3159989,1,0.23,6,14,29,95,B3,Regular,C,229,Bretagne,633.0,633.0,1,1,4.3478260869565215
2156821,0,0.51,7,15,52,50,B2,Diesel,C,376,Centre,0.0,0.0,0,0,0.0
108593,0,0.53,7,1,36,50,B11,Regular,D,1943,Centre,0.0,0.0,0,0,0.0
4036041,0,0.66,5,3,30,72,B1,Diesel,C,332,Rhone-Alpes,0.0,0.0,0,0,0.0
1138587,0,0.55,7,10,39,50,B2,Diesel,B,79,Centre,0.0,0.0,0,0,0.0
4139529,0,1.0,5,4,27,60,B4,Regular,C,160,Rhone-Alpes,0.0,0.0,0,0,0.0
3140478,0,0.75,5,1,48,50,B1,Diesel,A,25,Bretagne,0.0,0.0,0,0,0.0
2268348,0,0.31,4,1,38,85,B6,Regular,D,883,Provence-Alpes-Cotes-D'Azur,0.0,0.0,0,0,0.0
3076490,0,1.0,6,11,41,57,B2,Diesel,D,1704,Rhone-Alpes,0.0,0.0,0,0,0.0
6050164,0,0.12,7,2,25,72,B12,Diesel,C,213,Midi-Pyrenees,0.0,0.0,0,0,0.0
3010110,0,0.96,5,2,60,50,B12,Regular,E,4762,Provence-Alpes-Cotes-D'Azur,0.0,0.0,0,0,0.0
1156749,0,0.79,5,14,49,50,B3,Diesel,A,19,Pays-de-la-Loire,0.0,0.0,0,0,0.0
4155739,0,1.0,6,2,60,50,B1,Regular,B,70,Rhone-Alpes,0.0,0.0,0,0,0.0
1180674,0,0.49,11,2,41,50,B1,Diesel,B,88,Languedoc-Roussillon,0.0,0.0,0,0,0.0
4043286,0,0.51,6,1,26,100,B12,Regular,A,48,Poitou-Charentes,0.0,0.0,0,0,0.0
4124735,0,1.0,11,6,59,50,B1,Regular,C,182,Rhone-Alpes,0.0,0.0,0,0,0.0
1025174,0,1.0,6,3,67,50,B2,Diesel,A,13,Centre,0.0,0.0,0,0,0.0
3123432,0,0.15,7,14,43,80,B1,Regular,E,4925,Ile-de-France,0.0,0.0,0,0,0.0
4133990,0,0.51,7,8,26,68,B4,Regular,E,2694,Poitou-Charentes,0.0,0.0,0,0,0.0
3077916,0,0.58,9,6,39,50,B4,Regular,D,645,Languedoc-Roussillon,0.0,0.0,0,0,0.0
4178174,0,1.0,4,7,36,54,B1,Regular,C,376,Centre,0.0,0.0,0,0,0.0
6103081,0,0.08,8,15,24,76,B2,Regular,A,14,Aquitaine,0.0,0.0,0,0,0.0
3158585,0,0.57,7,17,61,50,B2,Diesel,C,136,Centre,0.0,0.0,0,0,0.0
4061609,0,0.06,5,0,73,68,B12,Diesel,A,8,Bourgogne,0.0,0.0,0,0,0.0
2191869,0,1.0,4,6,47,50,B1,Regular,D,1329,Ile-de-France,0.0,0.0,0,0,0.0
3196986,0,1.0,6,14,34,50,B6,Diesel,B,57,Centre,0.0,0.0,0,0,0.0
47141,0,0.05,6,12,50,106,B2,Regular,A,38,Centre,0.0,0.0,0,0,0.0
2034965,1,0.04,6,9,25,80,B3,Diesel,D,646,Nord-Pas-de-Calais,586.0,586.0,1,1,25.0
2274666,0,0.08,6,8,28,85,B1,Diesel,E,6736,Ile-de-France,0.0,0.0,0,0,0.0
4135809,0,1.0,8,8,51,50,B2,Diesel,A,25,Centre,0.0,0.0,0,0,0.0
3087453,0,0.1,6,16,34,80,B2,Diesel,C,133,Centre,0.0,0.0,0,0,0.0
1046726,0,1.0,7,18,36,85,B2,Diesel,C,308,Centre,0.0,0.0,0,0,0.0
6011138,0,0.2,4,5,62,50,B12,Regular,E,3699,Ile-de-France,0.0,0.0,0,0,0.0
96743,0,1.0,7,13,63,50,B1,Regular,D,856,Centre,0.0,0.0,0,0,0.0
